id	nbc
4q3ewBCX7sLwd24euuV69X	0.9998964187
2LRoIwlKmHjgvigdNGBHNo	0.9987597880
7iK8PXO48WeuP03g8YR51W	0.3290508947
6XkjpgcEsYab502Vr1bBeW	0.9998929301
716NhGYqD1jl2wI1Qkgq36	0.7395681311
52iwsT98xCoGgiGntTiR7K	0.9775012263
1bAftSH8umNcGZ0uyV7LMg	0.9270056580
19HM5j0ULGSmEoRcrSe5x3	0.9649509002
3qsKSpcV3ncke3hw52JSMB	1.0000000000
0AqlFI0tz2DsEoJlKSIiT9	0.9999943724
2UZIAOlrnyZmyzt1nuXr9y	0.9998271470
1DxLCyH42yaHKGK3cl5bvG	0.9282681624
7vXDAI8JwjW531ouMGbfcp	0.8637878860
5Y3MV9DZ0d87NnVm56qSY1	0.4999636965
06Q5VlSAku57lFzyME3HrM	0.3567568731
1Yj5Xey7kTwvZla8sqdsdE	0.0003654955
35oGZihZclGoTVuICPXRP9	0.0220743789
37230BxxYs9ksS7OkZw3IU	0.6549757604
0ZCO8oVkMj897cKgFH7fRW	0.0000000000
4m6ubhNsdwF4psNf3R8kwR	0.8875075979
1TtXnWcUs0FCkaZDPGYHdf	0.1021085401
2qWK8K2Jfh67UqtwY8tCW6	0.4217252602
4kcQWQDK0u9AftVSpdrAgk	0.8612359702
7jAs1uPnpfNmT6e5qtEPxq	0.0223265153
5TP8Ubo4jLKEi4Mw2O8fAk	0.6640200343
3Apb2lGmGJaBmr0TTBJvIZ	0.8475706958
2OhUNb01gLwygOizYvTm0e	0.5310742455
1vqR17Iv8VFdzure1TAXEq	0.8518062462
3ghRXw2nUEH2THaL82hw8R	0.9612681906
0dUyjgCyjfj5eMx6bX2TWf	0.6963440929
2IKdK6PbitvCiXt1t2bPU6	0.9919389260
4GepMkTgrIZECoCC55vqjW	0.8278312055
6rHwFb0YjWexAYxTjm4eIj	0.0791315653
48R2gYdPKtfnfKAzhSVPUx	0.9996484142
3m5qlPf2OkihLz3dRYnkPA	0.9999900153
11HepfI1lj6KJHj651rZhM	0.0099242971
5CA5IqbsFr4hpNLdjgO0BU	0.5469713125
4i2al9gevm5K5OlbjqzcJs	0.9841008497
2Hxu0Wmd7FUm0euCVInVrN	0.9157422715
4rRwh9ghjocFABAwIwnunp	0.6737611857
6HTUcOExehqydqa7C3usAa	0.5967977039
6GRwwWAtmusrgAL5JF9Dfr	0.7378651063
7fT2Me47PQ8T7954PKrcwR	0.4458719371
6WAnQfBWB7ddhujPsFQ0pG	0.2752187430
1FxPMQ9A0882eNDx3ZkD6B	0.8463761816
5xIOUIBQhGFX7HIj8lhdyU	0.5077137181
6mkRgafSHF30Dr2wEch4YU	0.1867115604
4YYxffPVDFe9XoqqbRW6Bq	0.2567131758
6oMRQ5H3A2XA5I3RG3leni	0.0715434997
5Rj6rNR8zIlUUDCs1OyPmW	0.4228266308
2vnaEm73LHWfchNiQccNBa	0.1579463503
2UqRkW2wfEkZmyvKyTTv2W	0.9994335419
3WMlRpW5JWuDI95TcEWt3r	0.2529695660
5f9pQjPeDbuRF1GowQXo3L	0.0344807971
2BTS8Np1YzPQuXjgdlqsBB	0.3608516588
2Htm0q72SjGSmsy8EOIhRG	0.9924781447
32AuV4BxATEf2i7YVhIjht	0.9970488716
2cdoH2XFAhj0LlSo4P2fJJ	0.5347048824
1QZuAtDYNrk2QMogJulsyq	0.9986171726
7CvTknweLr9feJtRGrpDBy	0.0832074393
6M6pyt8k3EjvbFo1pZFS75	0.0973958660
2eXWodjj5K1vVq2CSjl036	0.9118667778
4SgKWjM7cJDCh2aY9H4HZf	0.7890749761
3ZfYo6sKskRv0wOyrZZdAj	0.0630658533
1HAO6fqdAGX5CiWxBvhiyv	0.9497773572
3R8XhCi6bUcoR1CJx2XASa	0.0720945178
6C2mFGFh8dz1vKp9l5Ce8P	0.1173297817
6LZA6PhNCwUfHzqfpN1nYL	0.9919794408
5v0eLOwGUJuH1lvPSzw0xD	0.3032731627
3aIuAAH6qMvKYrtxxF7FF7	0.1739582735
6pJPxDgaE0H343SrASnY9J	0.4052735021
5nAsuOI0lqqbii7YFCh7cB	0.5209865752
4d7tFHxzWvzfsgCqPAEOSQ	0.9995609022
6iYRN5eaz8LSxvwkhmwkRj	0.9789746564
48nBjHQMSKiboD7Z4fjZLi	0.5916668823
7psSmcUfVtqIeuWKKd8Md2	0.9805471212
12GqGscKJx3aE4t07u7eVZ	0.9999199719
790FomKkXshlbRYZFtlgla	0.9199616711
7Gi6gjaWy3DxyilpF1a8Is	0.9712560093
0ys2OFYzWYB5hRDLCsBqxt	0.8647438723
1mcTU81TzQhprhouKaTkpq	0.3342365324
2R21vXR83lH98kGeO99Y66	0.0066979427
66ihevNkSYNzRAl44dx6jJ	0.9903698321
1vyhD5VmyZ7KMfW5gqLgo5	0.0048574118
1i8SpTcr7yvPOmcqrbnVXY	0.0510759625
4VMYDCV2IEDYJArk749S6m	0.0240466775
5XJDexmWFLWOkjOEjOVX3e	0.8253833882
4SsVbpTthjScTS7U2hmr1X	0.0014682183
0Q8NcsJwoCbZOHHW63su5S	0.5289468913
6Sbl0NT50roqWvy746MfVf	0.6779602998
5xYNmNkaWRqu3e5F4UXME8	0.9828571943
6nVcHLIgY5pE2YCl8ubca1	0.7349497218
2IMZYfNi21MGqxopj9fWx8	0.6735862572
0pePYDrJGk8gqMRbXrLJC8	0.5757278137
1gW6pz5n1aK249L0GvfQCC	0.2675777917
3l9G1G9MxH6DaRhwLklaf5	0.9832301797
1dKdetem2xEmjgvyymzytS	0.2047606170
12vb80Km0Ew53ABfJOepVz	0.0025888042
1bfl0AU8SqmLkElptOprhC	0.9867727361
2rmkQLzj0k4nZdQehOUByO	0.9613823664
6w9ToX5slZ4uIdmD17hJ3c	0.6865908458
77ziqFxp5gaInVrF2lj4ht	0.3247949910
2jSGzJw0ebJLu7OLVSOcBP	0.1181662337
7j6DKwmjbxvpQO8h914uEz	0.9149835587
0GM7qgcRCORpGnfcN2tCiB	0.0301120522
0eHQ9o50hj6ZDNBt6Ys1sD	0.2291281535
6dLuQ5qXxIuWc5urxfIiZR	0.9422155983
2O8vbr4RYPpk6MRA4fio7u	0.7758921605
7FsRH5bw8iWpSbMX1G7xf1	0.2897415833
14zUHaJZo1mnYtn6IBRaRP	0.2922005698
2cPqdH7XMvwaBJEVjheH8g	0.0655923722
1TA5sGRlKUJXBN4ZyJuDIX	0.1955924436
1pQWsZQehhS4wavwh7Fnxd	0.5942210849
64aJYyrXljOodnUG6jvhRD	0.0084291088
1gJdf4Yybu4X5A2xYV3NMV	0.9562102431
2YRyPiW98bpkARAS4B3OQP	0.9869996470
2T1aUibqR2QC2sINIDQOAK	0.2378506629
3RtNN1VnooWEn3KQk03DUL	0.0761758742
2x7PC78TmgqpEIjaGAZ0Oz	0.1743394086
4F4pp8NUW08JuXwnoxglpN	0.7125064215
3vQ0GE3mI0dAaxIMYe5g7z	0.9940380460
2MRBDr0crHWE5JwPceFncq	0.3333719384
00XhexlJEXQstHimpZN910	0.0504282101
4aSlfXDn9R60UlbZEboBUy	0.7430185851
47MpMsUfWtgyIIBEFOr4FE	0.2644676772
0KPX4Ucy9dk82uj4GpKesn	0.2894146617
16kOCiqZ1auY4sokSeZuKf	0.0056096700
0VKh7CQDi9MkUvaBMoK1V0	0.0300867812
1GKIlPFdcewHtpDVCQ8zmJ	0.5418721859
0T8Ix53aIN4F7aEKj4EnKy	0.9313923957
6w3SkAHYPsQ1bxV7VDlG5y	0.9861816411
1fIJZfSmqQkuqfKNRmrS1V	0.0417012069
4bJh7sMPcVRiqe5jlnsWQV	0.7638908501
7a0XAaPaK2aDSqa8p3QnC7	0.8115398531
2CCgb0KApjfQDuTppovpf8	0.1688269237
0FwnPHExlRRxEZPLAi5tmG	0.8624735967
3nFB4eMP5gdqee2eQb8nZb	0.3316189962
44WCHvwXBOMz6nm7Mu2ReO	0.1380076866
4puAp107dCehraE47QXVQX	0.6037727869
1Ts9of7VPZElwPQnqnDSfW	0.4949251091
7pESOE4dEq8Yk4OKlJa3pS	0.5768065118
5J7rXWjtn5HzUkJ4Jet8Fr	0.5433235445
4yxLYO2imECxGYTTV7RQKb	0.0016832211
2LmcxBak1alK1bf7d1beTr	0.2571955734
2XcZshqzPKm3iZcmt73R8D	0.0017490399
2p4aN0Uxkk3iT3HK0cJ2cJ	0.1593994103
51XrH5fQP2oIQynuKxSWcW	0.9409960996
5szJHKg5xeUlQ9pTqzdpic	0.6096216324
5hdhHgpxyniooUiQVaPxQ0	0.0317182319
2DspEsT7UXGKd2VaaedgG4	0.0038610658
0VZrPa7mWAYXH4CwmYk8Km	0.9285437192
5CAruGjgds3QlF5ICtEnnc	0.0039834131
0rjms710nwQTdrQheXHJfz	0.0619645365
3lY9Fxceu60W1rbon7PkuF	0.5593358314
18dspUI6gqabm5XCC2RcUD	0.9993121547
2wkoKEfS6dXwThbyTnZWFU	0.6260038396
03Yb3iBy9GCifXiATEFcit	0.9978222175
1pf0MPKfKdvS8J779mS1Ay	0.0055451958
5YCc6xS5Gpj3EkaYGdjyNK	0.4237436217
1fux65HMCBvfJHqlBc4Nno	0.0069116544
4ZDoy7AWNgQVmX7T0u0B1j	0.3424738997
1sxekzjeHJaqkZbpaaGR9x	0.7288231277
7HYJrA3HSTNDmkl5pylhaY	0.1218055864
1jSjfSgDjedJdi5MoyRu78	0.0231123178
3YeBTR1Q1rUxKguz4jP6UV	0.0762390777
60XHOAhvEBiV6BGBOv8ClM	0.9852040266
77iZVjeYoYSl5P0K9mIiUE	0.7199855875
07WSqyexqFJM0ZeQVPqJJg	0.3009445127
6kq4GHwUcUojGIu0ziSNXf	0.0329461046
4SzD0wClEg9NKVJZbCRFqS	0.2473535426
0fdpJLsenUo15X3dPPWJSR	0.7453029594
4z19QMyPVRwbd4Fs2LisBa	0.0829722253
13or1Wf6ipcvSIiurZATvw	0.0254238395
7dlkBH23ERFXxuNoMHq94Y	0.8774839680
3Wb38LDP3N4tkobValgE9D	0.1870057010
6qm0DFounuQWwu6IF0ZGH2	0.4999368664
4IC2X34tZmHG3VfTbpzvwL	0.0149685356
3fZk3Gm5dN5v5yfYMQ04Bx	0.8540514537
1z8Z3JjXWNa7xbeXcyFZMt	0.1446847257
2UFqwY8A3PLcx8pAkg9g5P	0.8014162881
50sIhX3HytFEwQXZJLUZQE	0.7446627138
01m2XZ7m7rAz6KY3scTdaV	0.4450661831
2Jb9jVnCpWkXtoGznFJ6bF	0.7081785505
5XQWXnMwsvuvCPMneXUbsy	0.0069297124
0OhiQFSqbnnmB52NWEpsO5	0.2515193472
1SiLK8gdECx2iEm2SSj0Bl	0.0313396282
7uGhSk7fVURjDaiXW1FSbL	0.6781452467
4oZolC0sCwCAKqsNXfRlVS	0.5290964481
0R03Yxwm5XGODyeMHO0eXj	0.1596114874
5PYNYuJvINkkQZV6ncScjf	0.4799339268
4Ng3fh1nc5L04iXPL8vqc7	0.1315440533
6ZZ2DeepA3GpoGU4KwqSlU	0.8184514608
2Mu8h5sFkOziL0Rfn7FXIA	0.2651511511
5KQX0Ui06LVm6PApyicRFK	0.0185498686
3CsPxFJGyNa9ep79CFWN77	0.3855539583
7lCRuW6BSXGAsxuQV9lR0i	0.1203876076
4IG1SDlwgNKzqTmjBrvY3K	0.4983986770
4cJD9t5QBFTUQcd3xfbOb2	0.6022592555
2NfSBtmWe7oPw1EmetJVso	0.7532963101
7DXregrznS25AM30UY9sUU	0.0784127354
2kqUKsTuEj1lPbm6BSn1AU	0.0020930498
0LshXUmIub6xKvOq4QmtNs	0.1296724403
5NenY2Jl9wwLRxf86go4Y8	0.8537852961
0uxYECT7XqHNccQAg5Uhe4	0.2119690368
2Yia9CwtgcrsN5kVOQ0qRA	0.9999994815
22P1OY4TRFRwhP0q29loQ8	0.9999947508
5fKc00Wh60ggl0QptZ2aBx	0.0065259688
7bzt5lHL6bzLO3c9mkxNMW	0.0085567701
5Q2fyL2TcdUY9IqKTkGk5G	0.3609616329
1CajkwEgJac9j9alNJJxTQ	0.0507268823
0niAkxgT6y57bRbT0Ge94z	0.6287897540
6SGCqG5HEr5gFZR9ct8wID	0.3571568274
42cc22xiuvWzjmFHSKwwwv	0.3528786163
4IndUOBCZYZg61557iq2A9	0.9373086608
3dC19P4w1BbDuwCailjybv	0.2588986904
235Vf4hkmwvxjVEMuCbRxm	0.3099478815
0D5U7oXEE4dut2DPyUDLca	0.0904864305
2Eo4Yaukt9d6dnZrY5hQKi	0.2442700888
6ZvYYrrfpb1Z7kICDyxWQE	0.4093129420
5L6GbwWUM3Oi5GPnkmmp24	0.0879325288
1cLDC1abeY1jIY5AX2Rtbx	0.3489293663
29fcEFHRcOhfTYXvS8POPV	0.0054313378
5xkFVS6IwwgHEAaRzXc9U3	0.0188365039
6pVmT18pd1QaofDegZUEKX	0.0316176439
3yJUTkFm88TiJPLhLHKumn	0.1491514058
7wiOKrtPg196Hh90CdoKPi	0.6374315017
4QrBoWLm2WNlPdbFhmlaUZ	0.4117679030
3k090bKo2iSqNdowffKHrt	0.0826950900
6Nl4VXcX86fBMO4YE6oYfN	0.6237189995
1pi7nGhOM7PTHR5YEgXVGq	0.5861599052
684u8s013RfmUxevD9PK3B	0.2710734288
5ys86BAZteP8RpVCDmT4p5	0.0651623685
4frBEXn8nhWzOVwfCSpuYB	0.3569207232
4C29ETLBPmYKYwtJUepbJz	0.6951119899
6Q6qTNC2rAegcR5QjzcRgE	0.6660124726
5U5wYVqrbD6J8SK4kNhau4	0.1130960678
1OBizG9nrnHJkrL9NjnWYN	0.3408480368
7f02bxFbZIOVdSbYRNYvLT	0.6917952344
4xZrvfK8khgRIXk63gSFeB	0.0298201379
0x5lhIYknBUEozHuXjkwUs	0.0936834566
0QpMp8Y7jFzwCt8OZjKQdd	0.3860672263
04XdCDDrPnnqidaVBTOQjt	0.6534555147
23DYJsw4uSCguIqiTIDtcN	0.0507155611
5kfMU816qY0ujqEt3xIHqR	0.3882687535
3Nk2mAv4k4ZOzrP5tpXL2G	0.1025399655
0Dy32zfSrQ332Bz8wsthKJ	0.3942370424
4She1focTkX0pwpJUtS5eo	0.2209509297
2qbEtwBVyobgpNP5KcHE9J	0.2090346317
1zVxAFV8uL5V816dzdHvYQ	0.7894133954
0K59Fm1y7s3j498ueS4qzY	0.9724097622
1GlOpg3dPUft550esb82K3	0.9685539026
13KeE3TnUrYh367HJu0sMx	0.1665254174
4Jiwh0RF8Cilfpe6JGvWlR	0.2688448445
0dQUkvpKTvHbsTxXKcIN0S	0.0570209377
4Ge9GwmWnOQsohwPTrXyHc	0.1248592089
7qUmZzfGAo66NPgOEx0MWa	0.3230241664
7ygNQCdpQWW7iSWAxDhvhI	0.0975984701
5MVcNHzaXuOnZSrOav2Kav	0.5395083179
20BNHnI2SfySwLwWCAu4ew	0.1543913431
7MdlXmq2HViAJWo9cf30sR	0.0041075603
41BZwHjzWGfT4wsOP3yZOz	0.9894004531
1l6UgL5G16tId4qoYH8qJn	0.0180565960
6jlVAg80czVPRFnLp05N0V	0.4736810499
3ucYybVr1mTuB04HtoBDCc	0.2825318544
6cC67GpmPCjQjOYLpmOGhN	0.3890196205
1poWksyUHxANlcdBLPhsV9	0.0569124598
1wkImvL5XLLhrNcmX7sVt4	0.0160566148
2IAxPmQzx2NuutHe7ta7gs	0.0441561800
7HSeegdmjLYRJpkOYIaZIW	0.4419397508
4MUsDaGK0nPDJvYSoaoFUA	0.2385285378
6nEgkeR03q2qtKZmrVq100	0.2702156132
1qoJTYkRvsRJMTOxnUnpNW	0.7770721919
5whwFeuDSOzWgGAUs8KTUI	0.8407804016
5GpRyfJV04fcnHBDzfVb8V	0.1372363813
0bcZsLQV8MCeU0ylWbw23p	0.3246284414
483P9cJ9pdCoc08XvNunPL	0.9268213567
5OnpSUKZU23JCU8axe7b2P	0.9049205329
3ruk44IzmsPppwo7VOknwZ	0.3309337302
2ydE5oBt6cwsDxH1TpIFmO	0.7758761839
62lbdm09j0QUbWB7SqCJvt	0.1606592212
27Yc5RzJf27tJfqezJnHY1	0.1377648369
6hYxQDiGct9yfRlSEv3F8a	0.0649356799
6WzyAaCTzd5YoVMwdin58T	0.0229076452
1vrahybrKylgwkjhbmOz94	0.5863082074
6fDFw5ZF2hKa52oH1enbks	0.2834200866
48vP5SxlTO6yOI7SLKIOQV	0.7482949435
1zdSbv2pR3OIFKselYbJsC	0.9995436679
4D2d63igYEdzhzFnxrSow7	0.1810149205
5iDqEobZRSTiBSAk6jLp4A	0.0284882526
64DFKvGarD5nmkfaIiiakf	0.0861563276
72kCHSLbK0D94Bgpo7G4sJ	0.1113829265
0UcXjTpzt0DmIwPSNwlJfF	0.0198653155
002HSjuWsGMinkXTa7JcRp	0.0269433319
4QmDIEVrROsBAad02Mlc1p	0.9838558464
2JsDK87cAxuUlz4L4izU7A	0.4541576905
7e3BSeFzlCGyAdbsUbgUaD	0.4340510808
4osqF39bEPXPsJfVUXeCh3	0.1867369149
4PdggFNYwGfjRfkdG5OfES	0.6682787225
3NSJOyQdSXncJloHqhwlQB	0.0346967799
1fosVknoHjmETFcLUMCRjm	0.3278839831
1pmmkE3BIdh9pxHecU09Oo	0.0021147311
4JuwA35M2yrQkpOSokiH9h	0.9938866469
6Fz1LTRJ7RAuUf1CRSN3dU	0.0572130455
2qmA5QmaGZH3ky4qq25d1m	0.2182151813
1FuJ52kzTUVS0HITGdgkLD	0.1649448850
6HZwb7Zbnvfo8u1sst4QrI	0.0414225413
2mddrRrlMf3ykcKyh1jlSs	0.5364730090
5RopQXy9tobYADC0GZyLVb	0.7295947164
7zREGj8GMl9UrDa6NPLi0H	0.8200286448
6tvnVXgayn0Qd29pt0633X	0.0670580175
4EcIU574ksr6mC1GMEOe0p	0.0324141395
4YBAOrBF9vBB9inOLtpRzp	0.0715354794
1Y99HOeRzRc27my6NJE3rE	0.7708484125
796YUyTCTkXZAZg4CLUoWl	0.7795403609
0mdD8YXAyJDJ2BHxIKF0Yf	0.3472731036
54AbdWd0XTHGLorkVwINN2	0.7066270578
51Q6RZOMEMuZHySsfWLTtk	0.5939056132
5Nf5yishRW9Ye174sJISkg	0.0341599242
2C1Pj5TMq8QjqbwQ4tmDtO	0.0229309047
1PzAgFVk9v8cxn9flrqrv5	0.0072003118
5AYSnRNynWULTIDjzAbgxV	0.0691854261
5Hhbu5PnHYAkO5LOVeEsmx	0.0747134059
3C4u5zRlcRqpe26zQmQRku	0.5738395319
7krUxybhp1bUwFBxpOtmZb	0.3798291711
1NIDfe1B5J1EyNiJcPZsfZ	0.1541324347
1EsaxlwSz9CLqVRjZYnP3H	0.2037433519
6Cv7YpJ01y71mdgm4szmU2	0.3485323620
4mKTJIb405EHH5GGfIhaeO	0.1806490947
6Y4g5zwJI7jcRzGLXh0H5d	0.6580108074
66lf5bQo2BIEue1pxfgxQS	0.7358674392
2t5LZnlhZW4ctjLQE9qoae	0.2383186029
6GYXfifD78PYARjZzxQzrG	0.9414994806
44hJXrVhoyA1fV1dn4wdHC	0.4162903946
7fRUttEpuIdM0JzPaCMwVO	0.1893574040
29UQ00CArXvEpg0GjKyOPE	0.7531994199
7xknmvFivAH3FxfLCQKuKE	0.3320398574
1kyy6AW7C6Rr2jrYwz95Gi	0.9841260944
4cV73y9UlkKTCIWbuP2hbG	0.6948486578
4TaMzYlwqHNvfJ8OJLlDzv	0.7658173426
7tMukTswF8N6b0zI4rlCmg	0.7326430685
5fUaIEaRhzIad7C49MqTsy	0.3447436846
4TsXqrGxqvwVLm5kOkN03p	0.0909493095
0QIeOzcA4xi1RMwXWPdl14	0.0938579469
5bRULziD2hCP3acYRcfK3E	0.7174949073
2j6Up11EpEUKQ5yIfFXhdU	0.0119869565
2zPvDg6LI6NHPQVQIESjfW	0.8763993710
3IYKcXI1sFqT1ZtfyoW55C	0.9317888065
6fOcj0NbaZF1GNiI5XnPEr	0.3069752193
3JlN0MeWVJq0vjvsvWCRZ5	0.0301902182
6p9BBRwixGcXxZ1gdcqmpd	0.1517758273
6X9Dt3dsZDeWzMBfekaoPB	0.0001767605
0sE8WmITfzXJwYGdtbo8B0	0.7910371164
1wVJFmSm8OwomtQZZCLKjh	0.3641315102
7eCZ5oRjRXT5FGfJ36pPTM	0.8968825966
0iutktJLkNNtErs8c3EoF6	0.4527816341
5eIRbSES1yeGSBuqZ4xvuD	0.7336229802
3zkbEQouXdzjcD4cxoFuO9	0.1752619084
6wAk3K9nxqR0pTLGLctzQu	0.1881805470
1zBDgn3DfQ8GhgXL1z7ege	0.3485002446
6IaOUkLKnYH0q8Vm2AdhQ5	0.0656639506
2BJWqrBKEqtZUKWtzmpPDj	0.2099656915
0dvFTsuG02c4cRbcSQ8zE6	0.0253311955
3TBQtYdNFCgig6ZrFUJkLx	0.6207283162
6RGri3BX7P64gUBuf6uU7p	0.4142859831
7aqaIr9F3tHP7BMsmfAL8Z	0.1105395022
7x1Qa3ZOKaQ1XwSqFkGcC3	0.3685753465
68mkWeq03e98dvIEI0jr0N	0.2008888683
45SolwUehJs6vFkuAfqMf6	0.5101520097
3YLlfcDiFzKJXhTK4sKuCz	0.8466779925
3fUItdzxV5l9jupo5FkFwB	0.6315032570
76iFMHDqONZusQlTu2ckKQ	0.5268239103
2PkjYgKhHI4qofYoxWB9ZP	0.4633154828
6H70hylNqfc86Omz8GoyDB	0.2217621033
7A02nc5WKMBLqSKXxGZ4o8	0.8117634587
1GiKprzvYnLD4hBNxaA50l	0.0199958040
5kCFeFCLAVkTvLXtUX821X	0.2412689274
2cMVIRpseAO7fJAxNfg6rD	0.0458237358
2I223MQt4d0n5rhwLdlEq5	0.1846650253
1Pk9sKrTxQ1lLfCg9b0PlF	0.0078217534
5Qv1EsPany9Fc3yyCJnoxw	0.4807210338
2H5XfIuAQCXmaIDm7vcViA	0.4678766791
1fXCGECRsxOUDi7tj3hifF	0.4442584937
33mpx3IrKw93IM1C8tVSQi	0.0117283311
18Kdk0oWKMg7P4601cD4dZ	0.0548367387
0J65S0gB0D1gDEd0hK196k	0.2339045690
3lwRbCTt1qmo0QgXUai8ao	0.5721568974
5YrBL6QmqRYTvr52b0IOT3	0.0652370850
2UGqLkLUByrbH1P7d9ThUo	0.8394328238
1iblTHYdU8q8t8nH4sHl8A	0.9995455575
3TcTm7AGTlIJys8Wh7QzBr	0.0952374258
3l4qjCL1496zAgprejycLi	0.0072298953
6uLWD7WMJKMyP1DD1eg96R	0.1713914465
4nTNHKAVWQyqnvRuBW4N4V	0.2982855535
0ulX41eWF9mhfeAhOu4EU0	0.2837940897
1bqz6MNvjWHhtP8Lvilwoi	0.0233452331
3KeiJ1oVHnSpj8O2Qwp3r2	0.5563810659
4hw9WaVkOzRQN6XaUqULv1	0.8370578707
6SHszElyg65TSgaP3YsAZ5	0.9859294431
7Czvx73uua4PB239Dza1Je	0.0627865819
0qo0qirBort7v7IMWHVC3c	0.0649357038
70s7RdFqr3UEBlooMGUQdO	0.0202840198
32gBQPn4CkmUE9NzK0IXdX	0.3701824255
2EyZ2vRJWwVCAtR2VrL4Ju	0.0252704463
7Ip8SqItaKjJtgtKUNCShb	0.4700772572
4vacbFDLabmeOOXlSAP6uc	0.2424363745
5ZOdzCtZqx5FLdjpxFfXkO	0.2079682359
1dR3aEUbT5raoyLcOl7Oo1	0.3451772455
5kcocqSSO8W0rpoNjuzXU1	0.0355179727
6t90cfIUQ39eOTksTUE0zc	0.0582479377
55ru5B05MMBunM1tvH7Di6	0.5533460316
2FmE1yzXXBWKlRiOl0AqD8	0.5535254855
2lvn0dSSamgNsFZPaJPzoR	0.3350882045
43PjjBbR7LawCx75hCbLmn	0.9895979410
5suUyNwJ1hw1M45oqdw8zE	0.7416288466
1aOhJVEGjCbYJLYPCitGdm	0.1257806176
2hp2lUfm32mmW4mMlhMQnW	0.0794284806
4o3YJfgarCUSVyPH5HKRA5	0.3290447350
04tXa59qDOMrlU6mWs6aqT	0.5547661543
46Rx5Ap8FeiszGFBRjKxJ1	0.4119276823
25Q4MN2O9yy7qzIY6HTgO3	0.0924875379
5RMUeKq0dZxg9RHE1f0B9P	0.0560958012
4jUVJzcthHyWbl6IwK5EOl	0.1045620022
0X2423nvaH92bYjYUKCYRI	0.1204157979
2lXbybPKnWM62D10ckOdco	0.9590068887
1p7MJGY1B2qF1svG3yxn7T	0.4276678831
2EnD37GNRe2REqHBKqMnZQ	0.0104382842
59h2d6LEgTjC8LUySW54EA	0.0299993455
5lPewWWLzFoRj13tTLgeF8	0.3918321540
4z1EZw4oQOS65xBnx95O60	0.7983239245
6YPJT86SRYIhlWemoNEJ6x	0.5383493630
14qypx78D3Jd1mm7c2BqQb	0.0156433726
6WjgkE7KEl4vyqwVXSuAox	0.2096234017
7LxxNXsdBfBrCLbvL2FA3T	0.2518690556
56YdPdQqOsfk7s2mS4lXNA	0.1696281396
6nhrSIBO7uf6WWFkmkrQkf	0.0628985032
7FRSHbAPSN9RLPSsh2a2rV	0.0171020093
0qAthAwwFa3RW6BRRsP4cQ	0.8259760578
7d1kmnhwauydKmuAvjgQrH	0.4267901462
3T9mIcWq46otZ8Nk2w0bRw	0.1147361601
3xShMakbBNG2e7qSpxkIUy	0.9004638622
2pKoDkP2EqXNjDquMQjbM8	0.6948706165
6zuShqSKzYP7ZPGMkMFhbL	0.3368651662
1UgC6NTs8FnPGYXY7XvEId	0.4963904921
4xx3PjUWxXY0qEXUdDhrwx	0.9453305450
7ha2O24d2RixnRx9whTRuW	0.3043605245
3WPRuzfjcRBf7byiF6pFvE	0.3613147484
2a3t7z8U1cpR0PEq1WB68d	0.8827334162
2vOQkFQDXp4QV77pnlet6m	0.0413740251
7gVtLMiNJYZuvnG9yEaWFS	0.4106022445
2WhGojaMjv4VVn2HQSqrLM	0.8644167920
74f8yYPROjWNuz2WJOpQTr	0.4104535200
0UVthdD1eqqsoNLX9ek4Xb	0.1041728648
06dak3veVkev0ZvQrWPh1V	0.5450173798
3zVGHYstCFb4F3DpoL9lSZ	0.4535378739
5chrUnljyCjbuV033ssuf2	0.3863658429
193FNrNDNDnzFrNxUw6Dr3	0.4560414754
288dJOiQmxw6pTZ6fqpbiQ	0.1208687014
5SqghR4PmacEuzlpIOQI2k	0.7515918625
4ELZUuHRIUrAkko2cjpWB1	0.0043960689
6Mmw70zSqPeCzN7K9Br57q	0.0714886747
2M9yha8tr0kCqQj2QqVBxD	0.3602091338
2LmSTgQJethuQ4q3ZU777G	0.0691470325
4iskZiURUeGrFszONfpCCB	0.9064100276
474st1ZFIh7IOiUcw9ojHd	0.1495925914
5dukWI4614EUBvaCZVYU73	0.2754025075
7vIAu0l7icbujUGaOK8HT4	0.0357514022
7c7uVjOAvA7EqWF0gQGvs3	0.9114318372
69ElvGSkRPaoxWFPLqfUac	0.4987015447
6jeR6yw4TRocXdVOj603mW	0.6083002952
5KInnZ3pX4sHT05DTQbv0A	0.0007669672
2oPc9LzQ7NP9DIqY70jubf	0.0131613110
7vPxzjHbAgoHhiNXORDgf7	0.0239173699
6NnQvCLkrl07c3GOimOKHV	0.8026427998
3Eylw4P4DCGqXcQZ4b8Fon	0.1103402704
5h1Fe4jl37wW2P4QkjZ8Bw	0.0722763076
29W4Fw8TDGfXD7C9EjJkzc	0.6476636689
5Rtdt9VRU1leFt5fS2q0v1	0.0040242108
3EkNQSAIFQSFFqHEi5yccC	0.0733649296
36ZqMC7zjLgKhxKc1l9g0X	0.1209128393
2XEkeHFfw9gjyrL2Qoi0vj	0.6762122462
5hq1b1Dgo4pPwbZV6iobbr	0.0281939684
7eCV5haSJZFNswFd6asIZp	0.7088395024
4MDGtU9Iz3Suf6YeidG2Y4	0.0376247828
2gp9CKpKZy4uyB9WXBuGNr	0.7534577313
4ipu1Wi05H8ZdEkvULDaKI	0.1083795681
3mVv4ryrJNL3iFcLqZmbOC	0.0811183452
4Pnl3TKhOZWqZoulVNYWDl	0.2851095028
30zaUiWxGl2IDR0dTiRrXO	0.2839504799
1sm9kgIGwWpEWAHmqpSZhg	0.4105730263
1QLXQU95X4LRBK4VNTUAQB	0.7800099840
5Xh26GZCsLrQ5Gzi6Cz0jR	0.0027662906
2vtok5FpY8afpLG9ZOmAod	0.0264332929
2LI6qhH2fF1uoJpmquvoCn	0.1654212130
5jR5wlRiMP8HNvtqdJXQRT	0.9748503190
1nEnWkQ9oAZWNrLtXGXCrU	0.3018285392
7rIbJ4XkDKLhd5emHAs66i	0.1075770000
3XLuPaPUUs50Zn6wtvdVvx	0.2064136599
3n1Am4GBPZ5NL2fGnwAUW1	0.0655105296
33O0LdSANvbbly9A2Wmj1l	0.0346055370
5X3p9eBNeaXZYdgoL9MGl8	0.5003117194
1baVi2FAPsMovLRrbkj991	0.3343691460
5nOKCv6am7apByMPUodIpp	0.0694134447
0LshFzya5NZaIWt8R2Ha4o	0.2932540698
36j2bzgU6sbViHKCNz00ex	0.0080659925
0H7gO9034PdQXaznEoNWZv	0.2925159764
4UgFoYbaOkIWLFgSOKhw7E	0.0367673488
3w13fOLhbYgWgcHu1SctCb	0.1229876687
6AaHZ8l8B4ACkCkQ8JaMLD	0.0094896495
1sHQPCdw97OD84E9DCBAjR	0.0137079678
4UiscrsMAvNTveh7RaHLL1	0.3061821321
5q7lPfibkG4NwlHt9uJUGZ	0.0046871089
3QDq76AYkHaotSMANOG1W9	0.0436132737
4wVi3o45KwxkuoUP1kz4Xb	0.0195496935
1PerJW3dTTCREGmorRvazt	0.0000001009
4FOiEKPQZ60hzEXm0Vgyg3	0.5154787749
0ETxCHseCHEP2jjFYNuDPl	0.1764735718
2scMRzGhBxMCwJicHhbPYJ	0.1910320550
6uceCFXbUnFRoUSqTNevMb	0.5692492771
24tEt12aPlZyRce0uF95Cr	0.0075365372
7f5Z24hcZNWs2mVEsfHnGC	0.0190646622
0elWFr7TW8piilVRYJUe4P	0.4979985155
3Me35AWHCGqW4sZ7bWWJt1	1.0000000000
1r4hJ1h58CWwUQe3MxPuau	0.0244725218
329e4yvIujISKGKz1BZZbO	0.0148297494
0tmwSHipWxN12fsoLcFU3B	0.0637233607
5lwmRuXgjX8xIwlnauTZIP	0.0003062355
0XwVARXT135rw8lyw1EeWP	0.9847129740
33ScadVnbm2X8kkUqOkC6Z	0.0390896679
4az97MtWmBQ5Db3GfDh9j9	0.0046377266
07YUOmWljBTXwIseAUd9TW	0.0820711466
1SupJlEpv7RS2tPNRaHViT	0.5350201538
2C6i0I5RiGzDKN9IAF8reh	0.9552239355
1wZtkThiXbVNtj6hee6dz9	0.0290361236
0XeEobZplHxzM9QzFQWLiR	0.9652610545
2oQX8QiMXOyuqbcZEFsZfm	0.0000000000
28gNT5KBp7IjEOQoevXf9N	0.3300023822
4obzFoKoKRHIphyHzJ35G3	0.9080013469
3YbOSxo85kla7RID8ugnW3	0.0013612055
4PPoI9LuYeFX8V674Z1R6l	0.6812550713
3EiLUeyEcA6fbRPSHkG5kb	0.1073929298
3hYtANQYrE6pd2PbtEyTIy	0.0777457559
0mA4dkNGiN4fqTBi2SLlAv	0.2175185574
1yX62RHdYysNcIrO33WQxJ	1.0000000000
21451j1KhjAiaYKflxBjr1	0.0998085216
5bSfBBCxY8QAk4Pifveisz	0.9600887906
5H1nN1SzW0qNeUEZvuXjAj	0.0798752118
2hejA1Dkf8v8R0koF44FvW	0.0000000034
1ZMJSCQw8DIefcLb1FIpY0	0.1211073822
4axKuDPr6WKcDCyh8vueTY	0.6513526557
5eumcnUkdmGvkvcsx1WFNG	0.0826352843
4jogXSSvlyMkODGSZ2wc2P	0.2649888607
3E6xrwgnVfYCrCs0ePERDz	0.0533849234
4bw2Am3p9ji3mYsXNXtQcd	0.0609183607
6sq1yF0OZEWA4xoXVKW1L9	0.3837720068
4mN0qcMxWX8oToqfDPM5yV	0.0000480572
3tJnB0s6c3oXPq1SCCavnd	0.1729546508
4QFG9KrGWEbr6hNA58CAqE	0.0000000274
6PH3FLQAxtqYy46Zv08bpV	0.0284482339
6OBGbSaBUvQtk9wpQfDbOE	0.9929358250
0my6Pg4I28dVcZLSpAkqhv	0.0136038503
00me4Ke1LsvMxt5kydlMyU	0.0681838048
1pgDilWYDWLoOgGjf1iHNu	0.0202839324
6XTGKOV9jceQ6f67lnhpbF	0.3541344931
6twEaJ9RPRYiCmWapjG8xh	0.1076329454
1GDbiv3spRmZ1XdM1jQbT7	0.8316034134
4J13m9IZh03PEhoxAxRhXO	0.2296165192
5TYxZTjIPqKM8K8NuP9woO	0.0009680377
0GpuSge5ffZ053NhXxgQkV	0.1467147820
49EE6lVLgU8sp7dFgPshgM	0.0387522023
3SUT1jjM5hzZj9TLfLZGIP	0.0063857209
41ESHLayJ5sDKjAOv6cMhe	0.0150019206
108moq3rq6bm1M4Ypz0J02	0.0868148322
3LKXWvXFWrkwUzJWxzwVpW	0.0006646606
6AcOTCYBMvjKYy4zms0kaC	0.9921980340
6ElqtIfQsAkEYypgfJIjeK	0.2780517486
2ydZrTy8U3kOMOzx20s3dg	0.0487908759
3bvfu2KAve4lPHrhEFDZna	0.3230501347
22dFwJoRBV51ue5TGnC7Dt	0.0376021097
2Atk4SWx7daQtItQBa735M	0.1010740189
4A4qYy2jK9DDN1OHV0nLkH	0.0150804982
6P6GTRTigHBp8ZesNtpCKH	0.1731987480
5TcnuUD5MHBfd1cO4kweWD	0.0117347490
6bpv92ES2Vcv2OKA3DAhgw	0.0163546807
1RBzGO6Nm3uyhUSxP7EDWO	0.0394684206
5xSx2FM8mQnrfgM1QsHniB	0.0044220368
4IMAo2UQchVFyPH24PAjUs	0.0116812704
2wC90WSKQd0BvdxJZ0mObr	0.9958856290
1cUpGtXcSQsovNYEZOQgOG	0.0130377242
0nnp7oJpY2J6yZOqtdKaWq	0.7492875321
0YinUQ50QDB7ZxSCLyQ40k	0.0001285913
4yjm4SvYqC5FFuLbB6TyHr	0.9748615004
43BxCL6t4c73BQnIJtry5v	0.0006263960
1NNRWkhwmcXRimFYSBpB1y	0.9999437037
4CQdcx66F116k2db2Y0rjE	0.2325091145
5bWUlnPx9OYKsLiUJrhCA1	0.0268092465
0vjeBgTzYTwmYoVySJzXGD	0.1107472767
2uyweLa0mvPZH6eRzDddeB	0.1840963782
2OHKEe204spO7G7NcbeO2o	0.2131003842
3JSSjGYcIkgsrz7892CelT	0.0360183413
0PN0fbe41KbuzlRYnoajNm	0.1137773299
6qhOH2mrlqUDod9sWA5kR2	0.3868837879
0qTZZWLzuD59Un5r1speHm	0.0224623785
0GgyFUpOyzWDRDqx8FCTDN	0.0251423450
4BwiodzEp9Hwes5HeFjMVK	0.0523411957
73c2MjCAFNyKYIs7nBlqG2	0.0185414015
5lYeiQxUTcGKVgAuTqbTeL	0.0102767215
3VrGfWE8YdYMK4ySpnE0ly	0.0040655325
10VBp06W8NIgMW4JruLCC4	0.0565885958
1r3tpVQ08jFAA2P4xzV5o4	0.0002198368
5dbaLmK5SHLLg8Z4CcTJpX	0.0460651206
6XFITTl7cFTdopDY3lUdlY	0.0038061165
34nbQa7Hug9DYkRJpfKNFv	0.9999954459
5fJsY7afrbsyzJj9wdzJMh	0.2212561157
3CAhiUHkUYT1mFtVHM9SHA	0.9738903597
44mEtidu0VdRkIqO4IbkNa	0.0402075496
1Q6SZxTvaE3HhslV0iXbI6	0.0145979840
1aWJsBQa67l72j1VT3D6Ow	0.2838904709
46WT0eTBzCslHoVsLahvfE	0.2286164447
2pQAUIesBqfT87PaM1ijtk	0.0131038791
1yPvnL2XGGehNiOGWzcAAG	0.5560105397
0jeYkqwckGJoHQhhXwgzk3	0.0168708957
7kNqXtgeIwFtelmRjWv205	0.0024974498
5PlfkPxwCpRRWQJBxCa0By	0.0041552438
5DUlefCLzVRzNWaNURTFpK	0.0321540234
2Lxa3SFNEW0alfRvtdXOul	0.9999929750
4LFOoXhMhnq9U8VsZkSwxl	0.4319640673
7hIqJfRYGBWWT1Qxu6Cpd2	0.1883606501
3hTffafUYLLgO4yuPAxb5U	0.0366394243
2DmYtFBKcxb3ajwWWgA576	0.0469416383
5lFhCi03HDneWzvCxGctrT	0.0622771319
0NWbwDZY1VkRqFafuQm6wk	0.0005623143
7DkseLyOZrdRjCuoWFtqFi	0.0311971037
5NUPPRjsbXHNyVDrUESYeh	0.0056269133
768O5GliF0bqscyghggrbE	0.0068467550
0Yg29FX1M4ayqjXs0ttZFq	0.0077739747
7GQDI5Vmxs92RsIRZzYT11	0.0854430668
4WFwvZ4L8FZbt3qubbQJS6	0.2272653701
0eecdvMrqBftK0M1VKhaF4	0.1457055613
4bPiOPI4V99cepEftvBYak	0.4972346242
2Cy7KBSkqu7otJfuMTWT7Y	0.0020160791
0haZhu4fFKt0Ag94kZDiz2	0.9965894930
6ziEnj8UydSg8dr68C3aut	0.0152774025
4stSxe6AbpXw3x7nRDsYVX	0.8683279855
2bxxlINUlcMQQb39K7IopR	0.7582683005
6JoYL9QYbdgPb6EuE5J2pC	0.0005893529
5xwugJ4uudppmOCCZateE5	0.2600768644
3VHAySZQPlfGlNLslzXYpN	0.0373396177
1Zkxm1dM3HI3QkTmxUEVQA	0.0231737358
04mzq9GH08zOBRdV2gzmXm	0.0607183028
5MEewKjCN4Dw20OFV2IGMo	0.9979105986
3E12tRURRvPfHz0hAMCFYc	0.8554297531
6cnl6Jz97730GUS8zEAK77	0.4997764327
1phfTBIocBW3UwqcYjaEN6	0.0408555874
5dmU7FrmtbQaSzIvGsE4Jp	0.5128069750
1fctva4kpRbg2k3v7kwRuS	0.0454595462
2wmwGWrqRizLaSEYrm5dzZ	0.0008384191
128ftF9X7Kd7Di2fq3wYVs	0.1268923453
1glBi4zyzqaSQoy8ReU0rz	0.0453896821
5IaAggho4F1gWHE5REe1e8	0.4986449166
5L6QAKAkdJIPLsNbItZ2KF	0.4724590661
0zgFL90nGTrH2iOMD8Vysy	0.0002891922
4lHAjTCvXGu8QIM3cEe93m	0.0500757795
0CBKUzrf6yGdTgxAQbUUHS	0.0114135123
11YLRSsZA3YVuQQtHXKTlz	0.5915005678
2NZD6Gqfk60GEcAAnJKVsR	0.0766801207
7tU1VKOuxiNZwBZC6RHidA	0.0797429630
01rgao9OzfBm2BOHWJpi1Y	0.4473636793
1lQO7ePBTp5yOfVK9hicoJ	0.9864099898
59Ih0XIAzMXq7Yf9ny3u5t	0.9878651294
2T06whb4s6UiufL1j5Qtz9	0.0104621604
7MyUjj79oHy7I8RocrtzZ2	0.2925219622
5YNi3BopLa4XtYRtzML80L	0.4588900201
1QJbbsxg2wqidJj51d3otw	0.0010025368
2TjgzYcbTdsZjbT9OItIeB	0.0419847234
7A8S43ryYdbWpJKeHRZRcq	0.0012421933
7qYeIN2r4H1kBvr0Gm9Iav	0.1953985046
0IoWUuXfqpkfpxBRzthHU4	0.0650039561
4kJ2OBSNasUA4yOT5NCfCl	0.0592441337
5aZppZ1lCv3Y09RuunlN1a	0.0192307111
0ocHleb3SllGNQQcDH35Xz	0.0192619198
0w1sbtZVQoK6GzV4A4OkCv	0.0000328034
0shHIQr8VamXbzM66kwGQo	0.6519669209
5NS0854TqZQVoRmJKSWtFZ	0.0528677356
4OgNARLQSC4yy7Dsa5cqxx	0.0222839188
1GAymyGBvB4gQy5Z5LZ1Wj	0.0428909488
1ykothWH0xl8drRyJWuw7I	0.0812566577
3SEztK9fNxg81qZ8qETGNT	0.0000000000
30fEdZPXgWfC4sNttcyB3C	0.0047694559
43qxAkuKFB6fMNSeS5dO7Z	0.0204135240
5wUO3A6DT4tO5UDz21kE2Y	0.0060355573
2Dlvgi70UoJJicfKgoW5Vo	0.0221818160
7npqy7rgdX2D3yfVyWExKo	0.0061028478
6MxyNXnnmwQwdW2PD0gXYO	0.0000238551
0OpXeanba0vYnyoft00BP6	0.9894704147
0KKUc4amZyvswV2YL6WTar	0.4605790218
1rTUwYS38LkQTlT2fhikch	0.0204778056
6HqgxkTt9KGyt27zYrwVan	0.1017020730
60ZOYUFnCYEeKYsxgvPxOS	0.1425322517
3qndygm4Vx7bEW8tNyDKSY	0.2142669397
6JaOGIlSvYswVLPmGUheOO	0.2106464954
2ayNSoKPCRAfjp6hQ76hRu	0.2400418666
7y33enVLfDvft6HGNmcxdV	0.1465692656
7jerD1mbWgyDukHAmCvdCj	0.1530408656
2osoVujXgV0PA8lhqDKYFw	0.0939426726
5sLCZx5RvQ1Cv6kguDLCLx	0.9814837314
1TCSet7pGZCDkcXCOzH359	0.9988025669
0dXXFVCw0LKzmHFrTLUaQJ	0.0391226013
77GVmrLGuxNEvj2ibvT62v	0.0785538277
59xlizZFIFUvLC0I8iV2Jv	0.0121558251
4riOEaOW5hCeqomFDBk0aP	0.0154522123
2TQ4CGgxxCWHqa9yYIGDoU	0.6427790014
28NFZuZbEm7yzMpv1q1Rb7	0.0587927747
6RPeBghYnSwGV6FOw7huuN	0.9883954674
6AT27ojKlBuZToFIGwQZDc	0.0220956272
2SNfNJDsahTSVFwgxposF5	0.0244377015
3p8PwzenE7ktd4BVFuQzMD	0.1823325162
0V10XqRWsn8EGBwzCVAE7V	0.0023617714
4RWJOoYwgF978LOn8Fainp	0.6618437923
5N3AyFVEE8vJa7AZEl7nD3	0.9007845743
02lGxcSZaGuHiJryv6vkOY	0.4365471033
0yfhOzsYbBALSbWK4DjpCh	0.8912196010
3IEvQoAohcGX7CdrbtIle7	0.0211025713
0DjAjUeZwSixK0dRwplBXb	0.0591771607
3xNhaqwvNIAP57dWgMTP1d	0.0640635570
7E7CVSqFdLyh0K4AE9uTMo	0.0020749788
3v8mFhjLFa50QK8zDvAMYN	0.0195293858
5pZE9tgrhmIGWAsJZ7YxNK	0.0201966939
1DA8SLXtp8MMVpgaOWzMQr	0.0000644646
1NiC1V6xc8OR1ERiIoCvtx	0.0276792266
4E9GScOUpq8PgyRhItXx7x	0.5549573920
04TVfWdJWbfH0FOT2zA1Tg	0.0023229625
01brs471Oes6kMnkVJBfGG	0.0038209424
3ygJTpJJIK7eEeC2EFRl9D	0.0000000000
2t7vyRN71qtQT18frElAnV	0.0501723893
6OP8Y0UsezppFkU1hZU6EJ	0.6596092539
3HH6yOn1yJNZo3RY5zEfy5	0.6290703859
4UqfXEVibVEPfoopm7Pduc	0.0001765811
0NnUMWDCDi1snuMja6IdxH	0.0653154827
6r92NGrlnmNvFJA9Kl0PAx	0.0410997870
5ZGrM7y0Z6yF3s9dBjHWi9	0.0046725458
6NmMI7UnfmIpLRYoz8H9jm	0.1152813540
1m7LSAMIB1BErIHYSOn32W	0.0001058333
5Uox3n7m4W2CoM9MmHPJwQ	0.3928306742
6E94QKXZv8BbO6QQJxcxLI	0.0552735383
2KtMll7bpqySnZhr8wriRE	0.0005375938
5NzCASNJVvcPW4uGwMRlPl	0.0624948759
1xr2G8Hlx4QWmT9HaUbmoO	0.0257900916
7awyvLSthqOcL5A3hnR1pf	0.6181793550
4aWhlVjiUjYHpVWBPP8AFc	0.0210516954
0SnyKkoyBaB2fG8IJH4xmU	0.0006691962
2yK0OH7d55O2eZNcBTB19k	0.1242013034
72v53CufRiSyqcQ78KUQ5p	0.5669573321
4VgvR7eu3k2T20mo6mXhXF	0.0098742292
6nVcjUJemqpJjc1WevwTvL	0.2868525103
3rhO3rDk432VyAwyZnkECs	0.5582230759
2wYOpkTJZGByNEOjEnSmoW	0.0430110009
2aZtzjAzD8fq3OhZ9egqda	0.0000176940
6ieK9Ddas29reReO60on3o	0.0356068523
2B8mbONjmLnXk4wpqF5UPQ	0.0503076452
5dC7EcwWdf9Qj4VvJab4rZ	0.0524064156
3J1MhhyXLJRNRZVrx11Lbf	0.1377035424
4bWHA8fMNjzfGPQqnh5D6y	0.0713753094
0GchaVw5KfSVEm0xl0OXEe	0.0000433333
5kgDdP7a4TsvkF08gpJGX0	0.0243346316
0YRwUbRxrawmnBdixwJi5W	0.8506696966
6ZIgPKHzpcswB8zh7sRIhx	0.0003214771
6Hf2g14O2TP25JUNZuvIgn	0.4690748416
32BLNtPX18499VCjsUiFj1	0.0103912503
6fBjnfeYEU3VFuQl8RPrp8	0.0132959052
1i4xi4ramy5BPYr2Bhf6sc	0.0007580141
62YF0FglEltB3CnVIjoko8	0.0000000000
4SQdUpG4f7UbkJG3cJ2Iyj	0.0058722242
4nXXIxTneJksvGXrlmX8oA	0.5126747416
3GPTvhZ8XfH7WkHXidvELk	0.1455570595
0Xo4VFS3v07L0GwIVkZLfg	0.2752099535
2biH2I1TvZlIIIc5W14oIJ	0.0067283350
2iA56rE7fZUnD4GdsSUj3G	0.0000111437
79N4S7UXdjo2fAh3OHJQuB	0.0051360631
7fL1kRUb9Zv1xxgOmsuUPn	0.0496445684
1nwjHzOUQZsNYX8xoWiGVC	0.0046229207
7mXfsy3lF4kU0f2KTNKSr8	0.0000257263
5lWasZeo8uWQk6GD8czJLq	0.0018420564
4rriNpL1lxpoysDDctWgl3	0.2998385528
45lcbTsX07JWzmTIjcdyBz	0.0005127607
4xEDJHMQ8PN1U2pEldwI6O	0.0077964800
7tm9Tuc70geXOOyKhtZHIj	0.0005098548
0OTHm6AFLxgeTm0gHNOuWi	0.0302999127
4p5WgeiPSPpqPDs7T6OkWf	0.0033028708
6TKygPpVT29oGUogu4J9Ec	0.9905446820
2PAyYzUdafG4mFFp6Rynsk	0.0463478204
0SSbTivuMrvdqgCt7ln6jD	0.2890828006
3ATyg4fGC9F8trfb0GRWmX	0.1237162827
3jGlU8UMMo44I2xeLQ6FD3	0.0442490662
27plYDXNJSOD084j39Lmlj	0.0877618461
3ecREliS3Q8g2sCk40y0dw	0.0181384515
6gvh8pQI316iafbHiT7B3y	0.0005179547
36jRzJQUvAeKRukEMtm44w	0.1076182320
2nrSPPSfNesng85eRV4W4m	0.4604207244
5aB4SpKYteOJ8pAleoKkg7	0.0784718484
7wTu5u7W3kc9Id5JAvSAFV	0.1004161250
3NLDQVyI2LVtQFJt8JeAAx	0.1019574407
5kuxm06ltfO1Rj9j5UQewf	0.4365523314
6uFxO15AG9aoz7MS4aQQvp	0.0515918112
5UN0rzL594mWY2RbOtZqIN	0.1452749391
2cmqbSrv0RSUeYRuWkqSiQ	0.0000000000
1jtvmXiemNFkPO11NMdjfu	0.0127171068
5DeX42pr2TilrnsUgjG8D1	0.3118109173
4s6Xg38sbqh4xpf4OqhVUK	0.2013279095
5qPRgWcEOGRzoIST0sHAiI	0.0000000000
0MoaBi6dSquXp6rrlqlF8R	0.0000000000
3VRyybsQu0MDG0F2LBxnv7	0.0058353581
4Q7FV4mw6Q3va79JwftGRv	0.0000527047
4epc3Bd0DOBA0kDywkRAsu	0.0110206448
5IYRfypwG9BDDh5ZRPI80z	0.2679480535
12lHTAdc9T204lw5qPtasv	0.0050512546
3pTZ5sCcE1o2O9sWn5yQMg	0.0858058747
24dYJ8P3YuFihvMcElFUWh	0.9298331882
0AspLZGQkP38yddNoD0pLn	0.1209125943
0EocQPg9ycs21gcvaVm9hh	0.0000119444
2mvVgc0UMgFwXGktcNmA6l	0.0024894548
2QUvtLq6oQaX0LNsYY2fas	0.1696359735
0nUGkxUncFeXt0Dr0hhrc4	0.0319230674
5imd6MnP4WpDohSwFnO38T	0.0000611694
1Qv4E1VgZOGnOYd99Kp5Bs	0.0024643240
7A0dBf6Uyh5G1rW7Rh84Dt	0.0961424839
4d4OGW8V5resuylQWT6S9s	0.1202157540
2ExqFhtOJ3rXrYJkBMqAxD	0.2762503137
5oXtNxxScsHb1cRjqqfcMj	0.1849746550
4ncaw2cfA3Wlly1tBD2eWt	0.5304156240
1jB62pOe5WpGiHOBDtKBBG	0.4530429335
7dtC84FkhalFSKToofOdOv	0.1363140561
2PaZWGu5T5nHjY2xxAkFsT	0.0004810336
0D59XKX7L0hK51MK9fn4H8	0.0000000000
6gyhsZUy2fzzWZBRVPmOw4	0.0092762720
2rtnKY7iQJHIEBnOd66DCO	0.0000000000
34Y7klgDHuaH1qWA9TJkul	0.0515979859
17vZy9fIIt6woqdWfc7UCy	0.1332525226
3CbYyyd8wH3RT6t0jwpdzC	0.0006304375
0bdJZl7TDeiymDYzMJnVh2	0.0007982899
6NyPX5jymkvSPaJhCh1crb	0.0785844829
0A0oFtNpb7CV86uWlxjnQo	0.1937401041
13t1RROs40VnX8PtMUnBqc	0.2825045690
2z1MpPojFcvxYcEAx0lT6w	0.1540406142
7MNP6nVHIDvPCRvfCeAJpF	0.0000000000
4Tw0VaV1ENei24iQnktjXj	0.8932256939
052B9SONfhoScw7dgYWw5o	0.0376075885
4q0N3EI67tVnAeeaXbNQIj	0.0030571987
1aOK2Zm4Wsm4I4DuoQIXsZ	0.0646348216
2f6TzIGIIxEuwp6o7kEbhy	0.0062144216
6extd4B6hl8VTmnlhpl2bY	0.0004006836
4TTxsp1mecTPT9O4dxVtvN	0.0030450874
7LXdYckhvHWU4ejXbkHa3N	0.0841413722
6Nm62oNQCdPxVoiQtFSksF	0.0443125104
2to8xMgnoxHCXPF7eWJPvg	0.0226865431
1tfhFc2Y8iplDKCteuXjCY	0.0000388192
0FOWNUFHPnMy0vOw1siGqi	0.0004560810
3TQh6LXI9ADgyZJTT19TeR	0.0246486220
4KZzz3Ri83L1aE5rNK9q3A	0.1516124456
0Y30TbA4p8SAfCzy2AFBa8	0.0078559037
1p2oJls3t03KjBx99Lj2ZQ	0.1553806907
4zOhMWD0LoBe2nP7s9cHhX	0.0088764337
0hKJVChUaok3RN4noo7G3c	0.0001695813
1KUm2LsC3HnPKHvIoo4cKu	0.0802203804
3vxYNXtM9uOMdRAXTXgtmf	0.0018510087
0HSGpDMeXaEmH5aUIHjnBF	0.0051946839
7fReOInDdj4876IaRNzHC2	0.0011515668
2Oc5k5AzcBOoH470jTgZzp	0.0230943967
11usEAQkFE6UJwsyAKkchi	0.3546633750
3mGyF5kXDjEkLlFypJ93en	0.0134776605
2YMMZXPBFWM9aFUL4fzRTn	0.0000029227
0WnP62TjkFfRrt52yE8zcX	0.0931858314
4J0m1OquRGY8HYHxMocXfy	0.3082025882
1ovPxptMcDubQ0CgYsS5hm	0.2184447549
0rTh1tAdrEbdKZBTiiAQSo	0.0002148995
4k62OskaTa5WApIe7p1XXR	0.0028678905
0vpwDjHfD1T65OcmvpcF0S	0.0000600961
71FVpPyLHxYTn3CfUOJq7f	0.0107523530
3vYC7LFneIpmJRSgrYy6dc	0.0011467530
0xf0KaVp6AMWgesiBh6fee	0.0415758800
6LXRvV2OAtXF7685fzh3mj	0.0000000000
4DOlsUBpxw706SXx05Xoi2	0.0255748058
4MlPk7Q5wc1b5KRKSCDNnh	0.1874766326
4STEdt6oH8RopaxpfWrO5Z	0.8382447534
0UgMoItq2HrVT6sRUF9ouY	0.6464224780
3FtVhV92rZyHa7ot2ioG5a	0.0056734544
6h5PZ6aYahlswhw0w7QXea	0.0016521174
4d3kmfoZBTuUPSUjgP45uo	0.0882247485
6q3p11nP1p80Ey6LrOOSed	0.0000000000
1EvLQTftUdMMQbOSeMOLn1	0.0001705536
4rvJ0Ktz2X2Erea9XUHxfu	0.4302323687
42LEQxfXLEuzdqorKBbUVN	0.0797864119
49wxwtIqjRKbj0d3eHDMRJ	0.0000000000
6ISKc7ev3V4EGnEagkXexc	0.4030584231
16t23tANCHuuAN0yPqBbA0	0.0102187431
4fO3o7bcYWTiLssCXfGIkQ	0.9269390317
3ljuRRLVJKgXJKO0xNqzi6	0.0000698199
7cYik4OyfBXYV5Z2TI7p90	0.5900823642
6vPXtLmNd3mW0dd1Rb9eQ9	0.3107081190
4S7UxwDIG6o3FJkcGPdaBq	0.0109828026
2wjmZuSHtRx96Qxb8HiP2o	0.1317989968
58BvN1pGtlKYP897Qsq5QA	0.1664930897
2vdi5RS6XV5Qy7J5GgDqgn	0.3355855484
55TFMHRuyFaYFEKYnqKbSL	0.0151895649
37zUz0gjTaNCWTOymnuWGG	0.1922130924
65jIUih0ZeTUJhSTRuYxpi	0.2247859172
0Zncosr79q01riJYbSBNA1	0.0037910143
0A8eZ8ou3msWR8xVkJOFXe	0.0749908404
6MWKObDGDrI3jN3Q3d9dpD	0.0078450489
0IAWTLWnUIzKVQDTGoYJk2	0.2815959087
2dkbKcHXhN7ooFBdqAV76G	0.0191385521
2ArV1M689cANDANMu9OfBz	0.5710408936
6aLoJJxz7MV2iZ423S8tJC	0.0160618612
2CEKDXUTkOu4LnGFysySTg	0.1243216216
3h88VTqRj3GbUd2W41ZY5U	0.4450898100
5ayyPSqoObeTOj1UGtM79C	0.0637492814
1lgtR3WlcFxEy6yPoOh0J2	0.0289734706
3XBw8ImFEo86mEB2dYh0vS	0.2027999448
0oO1IaDOBSeI96HbnCa5pZ	0.0018932706
7EEiVZvj6RCEtVX2F2pyxu	0.0005074451
7edrtXagYn0nCFOwQp8AS1	0.0898952862
4CairTbnNW5l8GxiRIzsZ3	0.2804554105
384MqcXCGGFh9UcjI5Tpc5	0.9615573722
4cYbf45YbZptNISnhay0xH	0.0882986527
5PYRJEcuO4GwG3LEiowJQc	0.0611495785
3rO1KMi81CCLjSjkImNtrA	0.0000000000
65VS702SIPGgTpWgTQupMA	0.2432638715
4gZwJrNP5NG3KGS2dRcS5c	0.5658109235
39TshGQ7RY8nYrhILYRT1S	0.2011339066
2DP9xStkVVv753RBiEHXQB	0.0407567377
32x1uogH2zajP85pzZAtuE	0.0000000000
1SykQGBiBwkQ1fcGpJ1BJt	0.0488153042
1mceaxtjWdEmwoDVAlkC41	0.0060698536
6Pg8M1zA3uDn0h5IOFc3pe	0.0275217707
3Ia6QnB1tPR9bcgnmbL5FO	0.0126310379
4JreHVYyb6GqE2BU03Kx96	0.0623159820
2rqtqFiCGyzaRSYdgMiMNC	0.1832896322
5CChYiuVrfAXbhcGtgDjU9	0.0029720126
14lvrkdaXxggonwjKZpePM	0.6949854367
5l4GdLELvdnXZVT5g947i3	0.6328209677
63MoX25vZtzCSTvRFkAsnW	0.0513407016
3QchzUOTSCKWmaRGEEiuir	0.0448477880
2rPOaAdN74S2D0Kw3ImL5O	0.0034505461
2EliUhznUrwHp1yJvhlHQF	0.0078419173
1ZbuFVK9SeRYrZfQLkNzah	0.0000000000
4UcGO4hOufILa9qGd3KOCo	0.2662990520
2PFG7Z9o7dUTCCVAuzZYJS	0.2487013948
11aPF3sc8lDWNqPVInm4Zx	0.0000000000
2rAnv6brcXaglLZBB4XXEn	0.0004088012
680tleL97NcpJiib89V6UU	0.0056442800
0z2TqgHJgpKgAuArw50eiq	0.0001438274
6Itjwvv5YmsC8ZcI5N4Jux	0.9998241121
4oFwW8GNt4Seyt1dK3ij2S	0.0205885761
36GC5ob1mWpu07UpvMAYnl	0.0000000000
40lro6xpFS9TxV2uC7yvs4	0.2012609784
5AS4y4rlmbUYDCdg35qmI9	0.6618183182
49ggXUsjVHl7BwwaiPUCn6	0.8954177210
2ENPnSzAeiXxEGFVQffe5q	0.0000511975
0TQ494EpT0cwX3JWh87nOr	0.0740047218
0c6zVQn3CWPIu7I6QV6D8Y	0.0654756529
6Q3ske8DX705YojfAgidez	0.1394269472
4BLePIKRIxR45iGnam62DE	0.0000000000
4FeDV8T2wgjzYKBamSp7MG	0.0514396249
059ysTnWcrm4yFwTr0NDjc	0.0077284338
1orbu8WOc4EtKxQsfNNEZK	0.1301472384
4r880LQXdnpTflv3uqV4kX	0.0423006564
3TINnlLcMBQA88OoalsvYR	0.0596922618
5fVtUielMhdztOA34ArB6c	0.0012901230
7JRxvyluWYJ3M3ssmZrVs6	0.0260977165
6ESkuwldylZr39AIAPC63J	0.1307288197
5iyTbismzdvyjpjIuhKRvX	0.0002013157
4DuhYdfd2jHMdaqYVYZp04	0.0086998369
7xOvjCKtJ2rjrclwvqZXqt	0.0006974905
7B1LLuCQk13H4Mb6CFBftU	0.0006330565
3ecm0ZCTUOZSNuHX3NcShh	0.0032774093
5l0ZjUz8rAAFVm616in8YR	0.0000174603
4x6RfZKryEo441M8BscIJ0	0.7635443848
4fILEHnYOJmHI2Z1VhuWLZ	0.0187824839
4E0HD2PMY8kQJIjlShrLUS	0.0299886499
4MU4rC7z6JpqxqbHDqtz7H	0.0989948810
31kgZWvoPhxDcTKgVbgi3J	0.2065811570
41vcoPejPG3vv8emJ2R5Ox	0.0010610838
2EGMWC98kT000LbqnDYwhW	0.0000000001
7Bb4i0RT3zaudzb8KvxTUQ	0.1147502560
5VKY4vo0U20tbsQi6OdH9o	0.0200157317
4kNePvgiofm21MEs9fL7Yc	0.0509761924
0j4dGWeyGGE4GvrAzdZIZ5	0.0009027392
6xCiFhON3LPyvwIGvAGnwp	0.0401328968
09ryxLeU3mzmubZtcyDGdA	0.0445448544
7n3wAgh1j3RRbxYzfZTQDF	0.0204077828
4jCduxx9HzFKS0RrRAtVXD	0.2196539018
1db5TWniHR7iqwXer7AiQ2	0.3322973956
0wNzx85rLgKy0OXYhpCItV	0.0032935044
1yP1EbAX7oCvKI7j7PxzGg	0.0523680496
5SyvBTttsNPEcFjtceTBmx	0.1080405179
6OO01j5rLKCyPg4i3FuzIT	0.0814703048
7zXRgSpjJkQmB9SnPLq1Qk	0.0000000000
0FQUUcABeNbZZtWq8IRE3w	0.0000593745
6ESzKdcEDKvhUek4ZaHruk	0.0671178220
7a9gFzWS5uEHtbNNgA6xyM	0.1027374835
2Ro0uSqcQMG6L3ZRyoDEsG	0.0849992329
348pk4o3EhKmsSahzuClSf	0.1329361917
0Hkx0YcHHxDRRbH9WsSW0I	0.0369616511
3E7NGbzUGlOjgYY8nvtijR	0.5235225779
6m735GSES3duQtLrgqoGUb	0.0019008012
24zj84GShUIcBQYq6VpOYW	0.0003664736
0fdh6BhOBgk3vqVn2XKQ0F	0.5606001694
4gI6T5h1UQPf5hA3FdJULt	0.0000000000
09iEIVQVBtTVjiuEdqqkIR	0.0294516437
6htWLP8aiuf19FYMA4VQAZ	0.0000000000
7zRP76y8bnV3OdkaraLHuy	0.0000000000
41t0VtTsJW8JzLYN7e7Uig	0.9782561638
47G4aZmzN6mRtKCSoLoNDM	0.9176411112
7DhdJhd6DrxeJlUajwttd1	0.0089124869
2IhhVEifV7ntdvp2YmMIzg	0.0095777861
0zcP8lCmLxqRRIZJPSq8i7	0.1702884728
3fzFGIFcpHenYRfbnGf0JE	0.1440086566
5Zk54wioCsUtq5ggUWXqlK	0.2618019658
1y6tVxTqgNfqxTayfohSKJ	0.0222279369
5hhgghBFkLDdMn93GW4x3I	0.0012958127
7Kt7O3A8zdjcCYPFopGTiY	0.0020474687
2sfOYs479VgaVHNPJKyG4n	0.0924391696
3cU7QclsaxDJY7usiRHYcy	0.9994751816
53eKxFVMTRxQnsWe8v77Jy	0.0010995077
6Iv9dXeKX45ff7qe0LDuFW	0.0072426268
5gUZ67Vzi1FV2SnrWl1GlE	0.2223127597
2WXllWJylpBWxIAHHcTEQ0	0.0279997058
0gcn3HLEtMkH06w4GUxzG3	0.0533804991
6UBb8ZUUyarsyod6snflAR	0.2977023303
09dpFW4ZcLR3GjeG7GOJR8	0.1915180627
0t8lKcdJV0dEicuocOteOw	0.0081620904
14rsSkmuSkij7q3SNsZSHQ	0.0195431493
65wmIidwFZCCoT1BUewp5P	0.0004106178
4VUjAlb1nGT2FW5n4CPxwi	0.0113509688
7CSpCpNGTK9589bTi44SzE	0.9527556065
655963AgkTZeYUvCyodCIL	0.0049289196
3OrjkcpKAlJClVOopBZicQ	0.1162175123
1vANzzDo9L1ZyCKJaYQQvq	0.0097133541
44T94QQEc60Jf7kqGY6Rip	0.0012122103
6jz0DkcaOtGlaNOA67rzIU	0.0070996763
2aHIy41xJKMsudwVFxCfoB	0.0255266954
7gmVTgaiN0gpDJKvTHPTRL	0.0000054870
6jEjSPxnwsibG6vPOjkeER	0.1145649344
0YX8LuMQAh6ousnyhwXbkz	0.0114868707
0ThxHJx0ElqLD8h2Compyq	0.3858929326
7kXCcNRLEnblbTAppPraBp	0.0300886395
5jBerZvTAajwYvdxt3UhgU	0.0012405658
5RnwLXlnWPF57yzdmUnnvP	0.0583012563
4d2NUjh9ZrzG1ZZdhpSDKH	0.0000000000
4u1dsEB1FKbGcdG0EAvxP8	0.0002284266
5ts3iw277wUG2DUKnqktAD	0.5392215191
7aG8YUI5alfF2pi0n5Cg5H	0.1199392100
64J3ISAKbfg1CuP4CVCMlF	0.0023866640
6LIY7Ni8uMsuVOKZq4iNPh	0.0023639662
2T86EVnDCP64EaVKRXIcRx	0.0017506906
2VvIMgT14KqJyUTVKEUw8O	0.0030561622
2lHzW2pMhRYX3ohx5lZY8y	0.0503147189
03Enzet8KLMkjdeQnbqbmn	0.1216295614
15RLdM61VHtknTIYIuNviR	0.6125619416
6ZtLRqHEkAXPWVw0eRbDac	0.0169782415
29b16XDtyMXDrfo2hZ69wf	0.3169344566
7sTzOfwrd0viYUuUu26a2N	0.0005951611
3coKfYwV0ppdzD65z1cu3i	0.0177780978
6TASDj2ogOKQptnxgEvrcP	0.6155308483
43Hr2FjhVehkROIIEb7EfQ	0.2743768271
3ou3XMRNmyDSy6gnC1bSgN	0.2610791068
6MMoDGT2Mm3lz5sfVcd3Ck	0.1011919388
4zKNSiS1LD7OT0z3hTqRE8	0.0083578640
62zZb3lpCFBqLDjMccQgND	0.0004271550
2GzKA5uPf3Nef6JjkUNk4H	0.4629928648
07V3atNq2TyPNDYmzp6Dyy	0.0015801442
3Mr0TsHv8DUbDBMEFW2L9T	0.3850207878
0QORPHk3wnOCjHpmDOZgfP	0.0728157949
2XVoz4hoXgQ3C2BTGxl9V2	0.4539615364
0LZaKjCxp13clON7dlplRt	0.0013530981
3BxjasMelf9pKaE4f7Y0So	0.0003746941
5Fg0tijG0DLOM7VdAJTMvV	0.0301824854
46K14JAfAHpxTSkb6KkFfN	0.1267067184
6nlHpSAfPX5rJCuRKF2997	0.0000000000
6RuutbNl5ny8LAf1uSK3fS	0.0007778956
4LnMIW4aNwegikxZkUN4ir	0.0061536840
5X8Uu9qHN3KXLH2Fws87LB	0.0000872696
1OuuJcg5OofM36OyEzoB2X	0.0000000000
54Ip38xHxjz2EJOksZx31L	0.0206515833
3QHfoNHT7vrSZX2XatyEsy	0.0035379612
5okEmP9iOvZT9UdlODLiaR	0.0495270253
0YWTSwecJ4cKrEQjrh46la	0.0552543293
4Gr4Wo60IdAOBJLYgRZytK	0.0934175449
3U2wjb3FScz1GCddqYnQHE	0.0103236852
4W5RbLZybsLfAzE7QqdibE	0.0094484443
6aBoKzSTjuIi0sY69XHLk3	0.0000940792
7sQc4ugqcqoLJPnznIE2jm	0.0627221159
3hwgckfLtTHdnkf694c7HS	0.0348211838
4ke9HXbejpYVMhbOjSa4le	0.0124240986
6UAMLsapd2AyfEAEVFaxmc	0.0161663569
0bYQe0JDIjxkSHQoXlfngl	0.0529204345
4cvdQRyHmkSQSakUrW2oxv	0.0146661448
7g4cPtKxNx146qdaY90TG4	0.0000714197
0b4F6xrKsPCHTXEl4j03LF	0.0493698203
4StQh17zinsbJ4r5ekmPj7	0.0173742869
42duZ4KIXcWBEobTPLzHzg	0.0674015946
6BKMcsGBcNTkXAFY8Dibqq	0.1513996280
3zMBw1jxFritUP7Mpce68i	0.0428221893
2T6hbG0qQTyZglPgH7UEMP	0.1048978559
3KDXaImaYfNcLfhUKCrkBS	0.0018242498
4PJtMqmJX54aKaztYQfFYb	0.2222495886
6h9B8wche8pbvJ0wiWKn8q	0.0002089801
63xFjf6Ww22O5gHrBP79G9	0.2589776040
5aJWEc5r4loyrMRAXgPxsh	0.0462133285
3U1jsFYwwJHv7VB4Frf3F4	0.0015151520
1FxsUemFullSXJpySUsT0J	0.0876570184
6GEaxHZNiogI175zUr4KvH	0.3905314195
3i6lAgVHplDXb6zrjIeBeK	0.0095777861
3e3y36WvzuMeXpTf282KKW	0.1015814923
5yPVuutf3WAXUt1VqDaN1t	0.0153131771
3oOY07QqOUrLSEJ4AOv9rz	0.5101846183
3UdkBrbQWdMoMPI4XATTC0	0.0003518256
28alLwceRIxNti9r9M9sPf	0.0201149671
4jyb6tiyWziOp0Gu1Gre49	0.0046908049
1akovilveREPmx1E535jJU	0.0219477360
54seKvtsZauR1iauN0ptpo	0.0964816965
14SlnqKt21OL7zHU6TGnJB	0.0770360504
5DJQ2mf4W5JFyjLt4KdEQn	0.0672818620
7GuMDzwhKre9vE0894eNRj	0.2260263129
0WG7v7wcDK5ZsUHjnZo9E6	0.0954288014
1WXAndtMSMymA6qMXyvoXV	0.0131156113
5388C04OP0Fc6xqbvct7kv	0.0000000000
1iABt08SoR4KMd1haq01Rg	0.0313351417
0FDJB5xf8i09jDjIg1qNED	0.0253004232
7exkSLWDTlXJYcmBhWp9cl	0.5602384376
0ovfSEcDqepf0vqJc811zQ	0.5044390354
39vVl1HOIZwca5O4g8QQ8h	0.0405791775
0zM1RE17huCYfueF8Iut1Z	0.0133968949
1u6AXgo5qmg0tfY8rDP18Z	0.0001212934
0GWdY55YF6xzN5L1A0X8nq	0.1234085960
4Frz1l5pFsgAYeUhAskAcZ	0.1208544754
5M5yM2s8dqrvy4y0AJ10Z4	0.0459844483
27mWOSZjlpmtoqsRjRwQyu	0.0242668524
0W7oBn4W3biry1eehAk8wu	0.1647108208
6DGfzsM8doRBRyvYmgibkd	0.0323594381
0Qdqf4cdxeMnSXZyCUo6d9	0.1563097830
5XUp43SjeL84EDkWoCG3qR	0.5156043693
2q6Gq9jlgpNEWgOzRZELQP	0.0008432682
4ArkxyeBPg8alE9CcBf86X	0.1309865955
325zdFw59lq0YHEmd5rWtk	0.0441234079
6WVAHhEnELJ0NI11yZu9j1	0.7664104153
7Kh6SBEGtFtqjYo5bN0ACG	0.0154494686
3YXV0Ed1NtUyaR9WJF2JID	0.0326031787
366L4EjZXBPYbHs9XDQILZ	0.0000204405
4Wcscw7z9AAE6y7qWdIAin	0.3527266270
5r3DSRaJz8ckIw4XPH9Whd	0.0228117806
3NYySx3H1V7zHemD9hmsQv	0.0019658540
2tsxhfhrjoqKy2okihHP0x	0.1755169846
1jgSqmZTBltb5O2L7ErmEP	0.0006033588
1VAc90Avnm4J5j2cYu5RVB	0.1573915005
0fMwbTSqDbGyg0QgpijRoE	0.0000868162
1PANUPmT5KUDGs3Xgkhw3T	0.1506031991
0IcAUt0uzTyDfvKSpW0hrr	0.0467793226
1RESVMC65wheASdEtIfik6	0.2442993615
6VfVwLTMkiQ9X34TJCRYPQ	0.0000000000
2MBHhHSyqs8LFJsdmgf9pK	0.1751187611
2MLiASzGQHVMyORIApRGsp	0.0007441566
4TeM4orWQq9H1Wj2intCub	0.0573356281
3UZFWMkyLElpRsLPdButSC	0.1256825951
08Iky6YUq0V8qKzBiNdVS4	0.0002779166
4VRHPqW54KVxJAhUWNKjNF	0.2913518685
2DRTGjBvhQtEYN9wYM3opQ	0.0062420805
14GfQ6EEHnp1lTAWHgtcYy	0.0004431744
59AwfIz27MGfHEaxKeJUpS	0.7729716040
07S2B15CcvWG4jyfMhqx8X	0.0201375458
6RTbXTYbxbg4hHHwu12xdw	0.1279907466
4Fr8ee9ec47r9fC8SqiO8z	0.0017929038
4JtdkstSrg1JMMaZPWmlNE	0.0042892538
1spz7NNmvQQbTAyFxPGKAF	0.0052350689
1Z7q2glJYLsPpPoPIgBjdE	0.7148631210
6bigFvZX5HdrC98srqxRLQ	0.0099753571
4HV6BIPvbEwBgQT3y7yGOM	0.2815763768
4R5IzlNSizG1oT8Gs4HH6k	0.3571423782
2yGXs7AlyNVetlMvwsFXGk	0.5299813664
53F3cdrVpYq5iM4iaa6AQ3	0.0471177291
3ZB5y8rqT7Cm0uHmkR4ovu	0.0002719609
3VGOer5eApPF1qsyYXlMFT	0.0549731949
1r9N4yRWfeyTu4VEWU1yoP	0.0083718831
2xotal8p4VxpscwCOgy354	0.0023293841
1F5KgWs6pawyDs5px23UIQ	0.5932286182
6ojwZd66jiZlplxrG6JVjW	0.0000000000
6UhGN5pVzgbBYjpqkxKM5F	0.0485487224
6D5yvbvtW8ogLKkNWFsDDv	0.1095605152
3z26llYP0dIzgnmUp2vSAw	0.0632630244
7B3Heyhw6s5y9XrxnP8TOx	0.0084928552
7kvnG7JhX0ycVMVb8SP8EL	0.1327078110
14pOSEgFKIRWHfgruLFCuu	0.0000000000
7vQwpzJpeyKlFz0Zract9q	0.3008955085
36pU0SBDFZq23Ca4qq40jg	0.0000000000
7GAYtrIoXkEFFsSP2nhG0E	0.0000000000
4Enz9bGPvgSkKRLyLeQL43	0.2312543186
7JwiKwvicnP4AkPB65Ds4Y	0.0017027000
1IfUd8MMwEpavJSD84fTmC	0.0035550460
5nhjhOrmCpnfUR6GHyU9ca	0.1779383576
1Aoj8qX6kPfLTagb7qbKg0	0.4486644889
2Bof5crSbhfBwf2pHNjPlw	0.0654305184
4G8DaRnN7oPFkEJXwX2i94	0.0831234818
6YIsL2oVmFhVL7EIKwKVQo	0.0564328643
71LpuZycPgIv82EdxoRIrt	0.1785260189
2y0XUKKpAeeGyQ5ND7dTY3	0.0004087975
6sPVGPkxslll1c4pdHvxYh	0.0421481096
4nD4jJ7anYuvuMtM8Wrspz	0.0742360523
4xe6s55EDjpRpyZsrFoiWh	0.0000000000
3qiQUUvazYmo7tBgQeb2rf	0.4937073799
5gii2fYcxLoUHWd1lWe4aT	0.3738119265
5mZimqglflu3tKSaFjhGOj	0.0172187667
0d2A861NEFqVpEogrYewVJ	0.0367183019
34ncxwjKmuXtfWo8wh91sL	0.2278890716
75ykMrcaF4136KUIbcxBP7	0.0026569575
0N9TZYLIcufVLj5eQl5GLm	0.0167301540
7GMRarEViKQmiTUMFZtrfe	0.0004719717
74bsa1JfHvX7B7TrX7aAzI	0.0000091667
3cjEOnq8YXtjt7QiCEMhMO	0.1094181017
2iBSDwlk9bvp1aKT4ubGoC	0.1927537785
3xEW53mjWRObQjw1yu6fvi	0.4194831973
04vVNmaKhinxxW4eCJIyX7	0.1320011816
1KVybNvulpTPVOWINYyM0q	0.0272798965
10q5bnnlpwVGc2Lea4KaSh	0.3304814554
5FD9tbbiWd6th8FaOdCtnB	0.0043759345
4Uh7T7Pi4r3k6PjqL0DqxM	0.0369336727
42RPvZdZLlEEMiS4GuwMM4	0.0019234912
4TDr2te1ZvxbEchksH77Dp	0.1605795625
4a8CXjoDXfsk6okDkq2uUW	0.0000000000
3KdCAZSWpRrPO0GTPnzsYV	0.3820470953
6oARZ0ckg0uN1GEs22MQw7	0.0116263409
60n2WytJgR3JHkeqJxZQrm	0.3698417535
7w9jfr3fWWEOnm5O3c296Q	0.0000000000
57WgHRhbRK7ArL0Vgs4s2I	0.0000000513
1DniCdCPIT1pk1uot0paBR	0.0534679545
0XKgjkHamDZy6obrO52fIs	0.0572507743
06Qf6vq8AVIpE9XIw8LAsY	0.0004038644
2J0JN7EFN10G1Tty6hX0AN	0.0151734635
2OEZ0KKJrKXsRQ6hU9bbfS	0.0057985124
2zCQFd804DNH07QAI3xa25	0.3096327720
0gZHnsLe1aKqOFk91JgfKE	0.2213927814
1VZQhmsaBc4voNvRGvFUgK	0.3964415026
6tMb6Fah1HWzlaHE9ylNGJ	0.0003234664
36OebUTEGjxsjUnpQhnmHm	0.1239984921
73SpjqbRsmNwFhRvNUd2r9	0.0885090390
7JOnYFbats5w0dEiHED2i4	0.0625699589
5TAipisjquAkq2o7lzMJyc	0.0006303025
52NCHGkTcQvvAQDY6Iy7al	0.0000434325
7Bl9s8h4F1jcX1aJYHBpfm	0.0099468374
6qBJpxk1RBoWp8XeYy8BmU	0.0055655679
5QfKUbR3EOkfzKoDNBV3xJ	0.0018501954
7CZBDOxXPcGXM2IAoZHCmB	0.0799712411
7ejyCwT1b7MIwHVCVO8HjX	0.8580357681
6yX2GzaudljEEBKfMZpOXE	0.0000249107
11PnNvuse5a0xPupBIeHyW	0.1113243455
7ah7WvhVtp1DnDFRMLMTK3	0.0173659612
2IucHN96T0BZ3e4mXe9AgP	0.0445438560
3WFhwMCDmVICPFzjYKz5b6	0.0587318384
0sXJRmgbjbq6Q5uu4W1wDM	0.0638073788
7J0hrNYCO5DgAx0XaRJqkh	0.0092016079
0CTsAQUsaIlOzhY4wOaaEQ	0.0585038252
7HXJp9OMIL5tdwZYleuBvy	0.0090443165
49hvO5gCq6aWo8a4x147iQ	0.1524396237
2l0xOjnrmYsxNoQ0QI3G5a	0.0042735623
4q5B9gAXSE4QLtQfqqRo5m	0.0018367363
3rYTay1spPOr6LYSAdQ9AT	0.3647210738
47ZBOfNDAxpl9PmnnP0t5U	0.0877018602
0NMJh5gFRAkN5uUsCujlCV	0.0113694540
1mPGT9NP28juePRCT3zuHW	0.5511900702
2BhXOZ96YbOdXz8F6HVUw4	0.0000022340
55r5KF4IQdMkhXEzoluxUm	0.0000000000
0ITff7REwQrTAlu9HsiWQT	0.1028377510
1AvkrI2S7knrbaZxydvc9B	0.0957475430
6J19N5JZkGRjuONpiizCIe	0.4374585785
2HO2kO7O5gEnM91dhobllP	0.0007552896
0x5QxflUu1oSsQA4OyHqiK	0.0002391546
6QVEWdYtBkaJcboEtH5FeB	0.1539277874
5Fkc9gWSpppkCsbxpQLkMM	0.0090722032
0fTQ3jEDT1eDQG3URLTwEo	0.1303502388
4pFUriuYqqAmBCvqF9o6LW	0.4170445630
0701LAQrkY5Il5vt06uNnC	0.0099458051
7LCgsRll55YeMXV0LGYYCm	0.0000272727
2iRVMe7HOINAwwEpGCU2mF	0.0233191342
0wCyyn2rUtk96O0ZBzgM33	0.0078181498
4VKHNaUBImLsxPOCdG5Mwl	0.0031709430
3tULsHfYJH7joHTmn5vLNn	0.0000119198
6xuqRCyuv5XGpNgC74ynim	0.4444072688
5yD3wtXDmbOloiFzO3km1M	0.0030363213
4wMQTWavQZgr8ySlo5s2Tt	0.0450157656
4z5uBsnmFPLFsGa5hQvLGO	0.1720095422
4Dmr792ZlPkJJsHbSMJatK	0.1494156357
6Gsh7oJoJ5EQUuQk0EhfWL	0.1258124777
2SzdXGFgRUgygnqrqmsW9W	0.0100183091
1kfrmHoRbXekpUf2iM6zBE	0.0016351047
2z8dSH4TMRViQh4QjqrDYv	0.0000000000
3WSePpVeFAwNAI4vQc19rG	0.0389019753
3P3HEwD70uW4S1Gs5fhO9L	0.0003657381
0wTR1DXxJ3Ok60O4K4U9WT	0.0026318809
5hhUOAwrpOg88sbcSiiXWv	0.0465508833
14LqX7WKEinOwg1VZcM1xE	0.9761626394
1S1AhqtlhBuOTsEaM1kAOQ	0.0051022019
3vlE4er6k5ngHKWhEQa04u	0.2248468451
6ugrj0FCDIKINVrQP9sPJz	0.0759258940
6uBpKQRBTcxm7LAmP5ubRl	0.0118403795
3VUchpMYLvFOvrzjrYsNFu	0.0356770510
6gzfKa8KmgcAfhbeeKo28T	0.1347205607
0wpeDItjD9NshrMSwk6plk	0.0279000532
3mEKRofaEAL1E4wmR1kCAW	0.1031475031
5LfXEvzfy6pPUcX1SclyA3	0.0250494191
60zawKIAJS16ul7OSY91wM	0.2317176766
3HOkZ1yVuMiVJeH1sFjMQL	0.0389987003
3JjXQTP555FgptpoAcUCsD	0.1094572442
4rGGVLUW4jKwW7HVwTr40U	0.0004445181
6MB0O7jOsJ1OrkPAIlK3l2	0.0278307429
1nm9PdmvzPXJmIlMOk5XLy	0.2824443158
2aYJnf8uGK6sH46VTa4xjX	0.0440684430
2dYSrA999b3VYp5V4J12T7	0.0067465120
7Cg2eqV6oHNE0P54WfajIX	0.0000000000
6Saxi5uCjuMzIGcqqvTumR	0.0374941429
3OSozwQXzKD9PY3M4hfkEW	0.0117549673
0Uit4gta4PrT7HvUe8W2Xo	0.2801277792
44cnJJakDDnBCn5L87ew7P	0.0000000000
2XI6IohN7oiFjDjuItEtAd	0.1195319920
4pPaTS0Is7K9pHjgp5Pdgs	0.1623448954
3XAnU6uK5tWrQQd1K6FgfZ	0.0057540065
26EVG2B9cd0c1gAfDsA7uW	0.0259207033
3AP96neoRZgep3w7wvhubP	0.0298978438
326diDmb5N6dRV8FUCROuT	0.0046908518
4PGCodvYkKFR1qPfeDlIPQ	0.0077237751
5p3CzYVyNJ3qvuS6aXxo9R	0.0947895353
26TC05Yq727xEWV77nRinH	0.1144094298
2ao7Jx5TiinWuCtz6Lig4g	0.0279065152
6yYRLzRO7whe1IjNtvEQOV	0.0511471256
7B3kLf1ZWaepQ3ts6Adlkp	0.3582953978
3tkCQ0W9ITi32E2ddBdU0M	0.0003522732
10Bo1ofGMWr6hFD7OM7W7r	0.0823990178
4MOX8I8Ot0wUu4Sochsxrt	0.0021272531
6BYNqaolBRE6cHA707Sl0a	0.6401722664
3TKS1JzWOLAnicuOCOyVlW	0.4677107553
1ggRfZcRoXDAde1akL7KZa	0.0744247195
3qcl8ck0RTpenPbFmZa2p5	0.2071621615
2khkr5XqC2TxpYi54PI7lo	0.0000000000
4SrfDao90sWaTLommUn0o0	0.0432366029
0pfb37t150vyLswjzcnE1V	0.0405893198
7CWDAYGiG32qhfwu7Q8zoL	0.9820852383
1VrWc8r4AjrR8YfT0vlsc7	0.0660426843
6ybOB74nYTUpM6VGiP1egr	0.0896335062
4MZwXbwveoO6NyBAZPbYZv	0.3518061821
6AGdwtcgVgS9ecOpNfZCed	0.0072831483
1y54m0q1LQZ4kGhf7ZZFKd	0.0121223437
7rTIfFH7B5TCSx8wKzkNPI	0.1205514955
5WJWxdQGsrF1G1iX0ixLfb	0.0337239394
2MmmFlTRNXxmrat4kdglT4	0.0193661057
3huof3P8bH0AJzMvy9kwv2	0.0005993688
6e9N7NWP5co9gw8Xz17HMJ	0.4914887376
549gX84eSqoYRJp8BglJqy	0.0048423421
77pCqwW8HaKBjkTHe395eo	0.0235825465
20vLls6BmcHB0zEwpB91O2	0.0011219287
4nxZciIJ63XsyL0YfKCkgJ	0.0136205058
1cb323I9D7uElGpoQIu5kZ	0.0158814239
3MpvMJt4nAT65etbsWnyV1	0.0067357394
0JoFdUO6q5ZRdnfRADpRiJ	0.0000000000
1Zlzp7ckJ06DiPg5G5WjUC	0.0639474139
6uJKnn4CV4IIop8mg4kCUy	0.0053509934
1QHYt2boAnZu4EW0Iu63EV	0.0651386408
4Ohr1XPB2qzNiiWRJlelPO	0.3186856460
2jNWUl9jXcCc3Rwt0FxEQz	0.0000000000
6C5H5G8EN1hu9N1wtOF5Wb	0.2508839794
5h3snNTJSuYLpsdORqRy0A	0.0254563596
2Gxaf60UDXKrmcIhEjULSk	0.3241745445
6RszvvtxwKr7SyzeeQ5htn	0.0002308401
2ylJfwCn0qxYK0SGf2D6py	0.1267027703
6gZdHi1lsLWRkZ0wCA4RL6	0.0934789943
0sPEX6boGhIE9qWpzpSHET	0.6784158340
1tUbyAgdYNOjxXrNSfgquF	0.0282245411
64WnGi9H0Xc2RCGbjYAFd5	0.0017539238
2h8f3bQReG6QLk3tA1j7NS	0.0808071525
1Sbn533a3TmseHmdYtGElm	0.0003625673
7o7vaVn1xmW5mNQL3BaL0F	0.0528051014
3bLlkI5v2mmho5n4OqFEUE	0.0000000000
2geZEw80wwqGr0T8GKJHri	0.0000877381
51zgwqGYELQ4W7SobIyv8R	0.2044051502
31BzLsWVOEfGQTDIe6atC0	0.0084143686
70gmCJBwFhY24cRxl4FqUu	0.1375971385
2Dwsrv9EwfgB2tEFhUG7CA	0.0498626911
3EaTlUVdPrAzDircCdLgEA	0.0950548078
3XpIrqVeY0I0kItCCUMuY1	0.1483317399
1DnmGMN1A57wUR0KhxOnnu	0.3912178546
598a0WeEt4NSptwGqzYnPQ	0.0203810742
3yvCFkK57FXH7JIwZQ5CmU	0.0014526276
0LOfrH82HIHcCXk3eFF7og	0.0553315007
5tad25mBWSnwgjwSNVzTEB	0.0000890575
5b8ySdgbXw0H8TPKUse1QA	0.0016531033
0CnjOxNzdelbfnf24aORom	0.1313702563
4GzcC1X5GRX9ndJ5TXIk2C	0.1156664355
4L0qUjWxrWG3vjYu1sasHN	0.1233731389
75VwO8amb6eCuE9gYagNZZ	0.0304035293
2sJrkdfEkurbjXycyjuybI	0.0000298909
1nfSzeihND1mzlXT78LFGl	0.1308634791
4lrsMsdkZ3mpzBimMD0wel	0.0002914607
0KEa1ChgXvRCPL9Jju7cbw	0.0000818170
1LUSs33lIrjmo5XTgX6Yoo	0.0044821813
38VNGRG9Wz2FOBKAyA6HFv	0.0000341923
0B6mwRbxKrvUvklMk9571H	0.0002149129
5za3hhT7LLvztvz0DJG1tw	0.0000125992
7wj7mzfPsDlJjUyg2TIW1n	0.7692300469
53PMMY1sInP2hfK6TzIijL	0.0100923832
3fyhhXHbGVLuSHFk2SYx4I	0.0000000000
51U0VfysnTpUUDwXgDjdfi	0.0342242647
5RDHCtwFu9tGeKqTdtd7LM	0.0086086198
6ZkfAoHwFnBg7SKExJ3QJX	0.0545265393
2qFmZcrhfzbppEdD6wibAy	0.0116206753
6FIeC9f8qjVNu7xSj71jzW	0.6737389985
1ldpEB62bhHdKBLnaYYLvs	0.0000000000
1HVHDrvyQsvIGo8C3xrGb9	0.0000000000
14ASSasIb42tG16ym4kVfh	0.0014736018
2pCYP0x4PaOGhuOCHVzTjp	0.0554930202
399j7KzhXlNysKZvb55lxd	0.0228272488
4Tgw9zWJfriNcFxgZve7sU	0.0002342231
5LN3tGphckDuG0irNsiAs0	0.0090704339
3L3OkLK1GPNoYh649m3nh7	0.0021312687
73ZUVJpRyRACS9qUSGVpWC	0.0094706052
16lcPccJgIjtOWEwVMyA6Z	0.0780396022
6U5QPaU2JpWfzInyd2g9zg	0.2948252651
3hWEl2WyfFoVtZeh4GLRwj	0.0687850002
3yRt7RrCEFnIIEgenUFElv	0.0328570855
554Ew2NdutSKKljCiK3s3n	0.0184948733
7f4QZ3v32jtmstrh7VHfJL	0.3373518477
2by0Tdl2jFXvgXSlPPos8i	0.0004524966
1Mj0XQhXbzIXfoWTN391N6	0.5110126415
464OBfUFmgwNlOBM3iMXXT	0.0003399154
0CwDMNmupPq7JSl4uxPWV3	0.0001800133
34wPpdJXRno0eRFI5IAOYh	0.0539232235
4ZNk4pFFvI85sdgjkFPBjI	0.1991382766
7dHiLDmaaoJ7XwEqWCcIah	0.5326394001
1eblCqMA3mIIguIKAVd0Cj	0.0000522379
4arvU6IZ9iiulbCZPiO1GB	0.0123400529
1ZijgA5CMnToosMd24krUH	0.0147724281
4KXIxHcPgLB1xiPXZHlqxf	0.0003052059
2pm42ahOwMBST1vbdGqRAq	0.6802553937
38PVRkX8RixC7XuDRltJpN	0.0413053628
6Ad4wUgOdnilbCYA3lzt9P	0.1003764471
2WInxWtfee6mRhUQUmIRAH	0.0122354322
6MLsGkmMLs3wFwNRleDyeU	0.9474986023
08IZfNBMVw2bwFkTRY404C	0.1838921299
2bqyNDhVFDuK4wZUrZh6xy	0.0707710734
61wjkDrxSXXH1yUOczhJmT	0.0026972325
0B9wPB6XyIwCXZ3OUkJfCE	0.0239811864
7zrKyjlv5C1kp9eoJwG01J	0.0083383349
3Vzymy9i8OqVAbiCbAXCWq	0.0580256735
3LlWsXsjIJmaKmPaB9GIyH	0.0424010866
7o6GWu8PprO89hxuS9OiPu	0.1564937805
1ziRj7e5Tm72Qf2ag6jHed	0.0000000000
0phhTEgdg0vxSb5G3dPVsC	0.1078582674
1VeOsE6gNwoBsIAinCAb3l	0.0003603534
5zKxuayFWVvBS3GkdWF0nD	0.0946347041
73Lhk4XucX7BDRL82Zngs5	0.4248538145
6RnrJJStoEIXOH7OHvcirJ	0.0768737699
1pEqLDmVTqmfwfywlwL7wL	0.0038282346
5HT6hDqzq0B7EFlokN0hK2	0.0090517030
7ya73VVTnzfSHrQnGq9WiC	0.0001408203
3L0kwteWrevLGtjvQVYLcl	0.0070864758
1f8dPR6raRQ0rwu9vGbdh3	0.1862109711
1lapQeH8MRBluX1sSUEgeg	0.0024393090
6oIoaURalGEtkYTswOLoft	0.0000000000
1M1s4ofh9rBEBWhyYsXAcn	0.0718664703
3Zan5Poez2lZsuz9xXJfvn	0.0123399351
106AY5X04l0ryapTvaOqfe	0.0022998587
6m0MLa2Q5RwIF8R7nwQkQ2	0.0058996754
5RVuxgqu3esPo4LIrf4HUs	0.7899213061
3YvJLKikEKjbzNBk9rfIKE	0.0110321980
1IF5pf9iB2D66RVVbuFSGP	0.0371175412
2kRyLphTQyz7eaHhfLpMVl	0.1000464477
4JathQD0aoyE5WwaIB2JxC	0.4227010038
6DW1NmhrCCFdZbao86wchK	0.0079891160
0MNbjdRcXpvAwnXgWd1Im1	0.0067248280
0d1jlQUtg6wJtmOVWSFU0t	0.0084714788
4OeXcGvSUYN3eMgy73WBtd	0.0137129260
7pTTcZQa4DzCKdoyuiPfsq	0.0006278503
4O1lKl5yU8I0laT5XnVZjB	0.0972112762
3iotzjiikaWCmct3ibFbZk	0.0028291922
0vOORe7cIa49Egvl6QUVt7	0.1472555968
4gQOceTfcyC3AQHUE2gmVt	0.0456310360
0qGRkfnUqWeG49vbCv6rMY	0.3402193130
0gMAKyA5gWUJiVU5S082KT	0.0003231240
643YpbScVr0u07i276NRiP	0.0111947999
2Y6AtL4xQFvg8nroRM3ZV6	0.0920773456
4UwR1ir6PovnQiwX5jRPvF	0.0006031903
06qV3sqzafoEDLWWPOmHO3	0.0246095379
137pHEZ9U76r4ouXTa6Bjc	0.0000753785
4fARNbsdisPYTZtwYzAayh	0.0050030397
7MLo24EMMZaRATfZKpLS2i	0.0123056853
4mG70wQ5qWBs9GogyP7WuM	0.0027483165
3Da9oMHorNECMUqxi2g80Y	0.0015487639
0mUKZR7k8cOSewS6faryVf	0.0001070642
0vMv24BXeZOK8l3S5SMLri	0.0001849467
29rvPhemBdOLYdLr2xI8dr	0.0846925306
5NpCde9H57MxIZqbmfkElY	0.0009579864
03ojdQidPtScdEq8KU2V9K	0.0001652399
64CJy4LTJjFj7lcDxTECn2	0.9981523591
23mC5tLCbMk9zqrR2dFtNE	0.9962936355
192E8ptSuYPT0rgJRyImNH	0.1021339808
3BhLm0rzP3kwnkLj7yXAaI	0.1623517329
4k2i4lShsNm6Ebsb5sg8kR	0.1043271141
0tabWyvzBwZR4NVIotBm21	0.0030400122
2sSeIHqgpFdFg83U8kYnHY	0.0231783805
4kyLueNyhG8PKhJagDDOJD	0.1602771505
6tOv5UYDorjmsernjtaHO1	0.0922540634
4zhRp8eBXDLLmToDwAsLgK	0.2790309690
6TY0JuXMcvhCLtHYBJ4iXH	0.0703075673
45ztMs8dTg6GRQ41yY4xtr	0.0183006749
1xCbQhtV5c1Vc1I1n2jyv0	0.0003673132
3QSFLkwEghCeYY042s6uWs	0.5055370615
4Ejyn899EXnQc0PhfKC7wY	0.2822409319
2Jro2lFfaK1LiUIIY8Ff48	0.0076996596
4D56DujhnBViJ4oYCSl1GK	0.0316501653
2KZnZEjvAYOkl85rluwNP7	0.0001065152
46tb2ZXhiEO0R42JLK1Qzr	0.0899411533
4FeN9FV6xecISybbcacns8	0.1200290718
3bajlVy8vDG5VCHEG1iAgU	0.0431803085
7v8veUQH2fro2QjkOKS7vB	0.0027347323
0y2UIyqXN4KctxsMLgSMhm	0.4892360857
5bOm9wAui94GDhPOCKgmhY	0.0543993364
2QoRWNLJ6A9M8f9F0ovGcM	0.0070714305
1p9IEVolgFCEjlFwEGTjPG	0.0570351347
5sw4vau0N1fwalr2ACVN9M	0.0030987236
6FWTqLIVK9jjMGcNJnF7xE	0.1480684059
3BaNymWUlGvGOXKRJmySoG	0.3509700928
6FmKCCqWSQAhxF0bkObz4b	0.0000335714
2y8W2PypLEsO0G02dDJVdx	0.0078609779
68OOyVnaUOq7m4cxQmZslI	0.0071867255
65TLDWbTJxYASqadmNAxvc	0.0097924726
68glq48CmjixyDfcKMuk8g	0.0000000000
3wUXULHYiiqd7cTdGjZgCX	0.0058169967
4DMS5VoKMPXSf6RcyHPCwd	0.0300086882
3wXd0N7IkY2bZ4KMbhmBJ5	0.0980576626
39Sjt2kA9smTRfN2zT9aEI	0.0010190793
57QKWHmmY0jb44T2w7ln73	0.0063824740
6T8S4zSY1ICYEG50Hgs3QJ	0.0354649822
62zWXNKBdOWd9TIdkZ7BQN	0.1449214815
7cwVb5v5UxYfwq2m49T8fy	0.0926679957
0jf55QNIwsjgU5F0nNjqCu	0.0002677384
3KsdiCqV04TOBhPWmk7u90	0.3739689050
3nuuzbcB3ZdqrEQYqR2SQJ	0.0693990558
62nI6AYd7LkBD9JAufr7yi	0.0574436063
4i8gw18sxoX8FrivUaNVTF	0.0064959172
793ACUr9nbTLP7KZUddXzU	0.1911043080
2tt7weNE75ITTS9gLyAmt4	0.0072042552
73HzrMaQAGRv2nHCiOBlam	0.1356395613
0aJgv15DVDKvr0yWb5BzP1	0.2056209081
6nl0PkJi7Xog1gon9f6WIl	0.0419293064
3BHSpo1fuUPXqRTsokxL6k	0.0262195465
4OZ9NCfN5GczACLIYvDCz7	0.0107500784
1GC9IVqOiXNuWi7UYgPLgC	0.4873147269
4l6qncc7ne4yU7z9i1Mtet	0.1431090635
5H2Ir5oA547rZrma8ZXFs5	0.0077821575
0RlibgJa8rtPvVn415J6WN	0.1889168983
625kGlmcaDymYRSEawXlI9	0.0426049958
4U7l68MAeVO9CLljg04lrF	0.0027936766
1TndreWtLjfAlywnkm966g	0.0013245643
0xJhZwxGtFJ6n5ZAJbVAEe	0.5126522911
3zoMlg6gx6K4NcGE15qtCF	0.0347538540
1UgUBnYpGyrYfGIfkMp08O	0.0767882684
0gEntoAjPckYFid9Mxw6Y2	0.0000000000
0D3svvBQXV1QKmSUzu1SWW	0.0184345767
3mrlxgWaEt5MNjAoAq6IRy	0.0181869896
63uKmSPcX2MqAutuEU7cAh	0.0020425899
5Ul9GhsaGFhf7WdsnEzcLT	0.0631771927
3urGFEv1zqwK24gupip690	0.0288649967
2locytcgGhNGAWDfhGdHk1	0.0637956532
5ELYwDwhy00ecTXhfsKWci	0.8447251637
1qlaFNonwDsPxqSQZX2jub	0.0523220789
7q50Y9VvDql0iRcB84P5Ly	0.0000000000
7fxj9VjDxGpHfOPEkgxm6e	0.0509673685
5er576GwPPg5xsOj4lzhud	0.0225127444
0d0wL41ZqFutUwco4uO1dH	0.0000000000
4waUZg7jQgyZE9odZgglJy	0.0196071654
2wMN1UAgISJA8yQusQL18G	0.2866583453
0TRtXrrdp0uEmcdg5amrLt	0.0076601404
4X6BwKYD52c4HHDyUqetfU	0.0007318408
1CPCudqABxMYzF2PFEfQme	0.0038234850
6jCZSq4NyG2Ry0LyKHqClp	0.2261476480
3IbAQiPGvV3aSwvYBMo3o3	0.6583370719
66X3l109SsMthurq0pHk3g	0.0001567774
1g31gW7m6FH9LljAfobGh8	0.0030417417
6pU1pqpZXzQZIQizJpYv95	0.1705544388
65PHKFCs7HHGUXdOlqHwvK	0.2267401381
2z1ZZSBRCNYjOZmUcA3rSQ	0.0039366492
5wHxSZdr7rIyqlFJxH1gCM	0.0033575646
7B4W35mskl1bpKV8l9WezH	0.0246729449
5QlBlgZQXTj4adeTRqPywe	0.0141172442
1KFfk3NtblIJtGEqyiR31t	0.0174227247
3UL33qnDTDglkZqiKFGIyR	0.0013199268
0HhAQGZNZAvnu9RZQOTetx	0.1391108950
7jk87weJfexobhc1bJJt9M	0.0114999951
7vnM4YuUSEpsH03GI0FCRk	0.0026452549
3gbf617lW6MVtNKzBK5BBp	0.0966394809
6ulI4i1iXCyvXZPepDMIPg	0.1598098275
4eq1q0o9XPyNq9RG3fNDD1	0.0000829204
2GiFfEExMWKzVWVFnTxxJn	0.0631681747
5PHYg0IcnpyZJ1y9euAx4i	0.0032692415
4kB1srfgZ4eok7CmDqyOJP	0.0299661338
60bawIS0g1l1tRMhT5dIO3	0.0041404275
3t9iUHXTw9NmuEvmtUWEl2	0.0338965539
2iX9KbdYoshOwrGXDVqurh	0.0000000000
7hY9Nctj1rismpSsCItWFC	0.0000063301
1LSYfRidvKN3sUXOg8HDWC	0.2234147719
293KGMp3aKVQ5JmyVt8VIb	0.0022817392
0DO5d7KMv6Gn1mIbDhlyUf	0.0241760335
3QXiKWVF6ze6coCuJcVHSc	0.0868697826
73lBjMjlN5WczHNWLIIVee	0.0648058410
7xOdvTU36ukQogPl3rDr99	0.0360868277
11ofEe58zrex8X5NBbWhsk	0.0026785397
0knXtiZZCdriCTr8u6To3x	0.0551400469
4EG9Lq1bQBzJLH3pPwSTQ5	0.0858267253
7rtCjmJ5EIcfL9l1bt59hU	0.1294255418
3eAw8vSPkVqu0VfSZxv79h	0.3061880590
0OTssa9UMMb9qf6NxI3Ysx	0.0000000000
3JY4oF6rBQ45FSVUJtXixb	0.1229539320
2F6Xce4W0tlFV63mCo4567	0.0120185306
4jIPjVHNkAKmqfWjfwg960	0.0350433627
7Cqqd8uYKo6L22O2W344CP	0.0437340529
5gLLotXhk8QIBIi4oxaFmP	0.0257264381
6hmj4qPtup6hMVe7V4YZ6S	0.0533474235
3rRWzsERkCNBl27Nih029a	0.2487393553
5diAzb0BD6mSdU1xOhM7dc	0.0000000000
4DnisEwhpsBmBcyGvxRske	0.1442655683
3YztuWLKKlCrO4pgU7RP7I	0.0592444834
0Zq7qMNo2UXDat3Tzf0x2s	0.8369419830
0rwGV1HhNWK2Ta4rjmlmtp	0.0000000000
3No5HqLrMqJbmpJ1nUjUiM	0.0120955216
0uITrMC16Eg9bbPu0PNfzk	0.1436027130
59OheJsvimLlXWvuL9j7Df	0.0503686617
3GjEEA3JmWl9Q2FA8lBh5k	0.0000000000
6NbiEhux3dGIa1Akjqg9Qk	0.1542289018
6Jlck8qXRgXVgbAfwF3UuD	0.4545214847
4RWsSjLE6TMBwdYzHj2NiO	0.1751838266
04gHmjV4hmiIrT3PHXlTbZ	0.0124465134
1bqJuNMz1iBqWo9B0BdIiM	0.0023656713
1KDd0gF0WMZeFeHV2JRj1L	0.0000000000
7itMGcVGRKS43LcTQvJitf	0.0136947017
2IhWNzpfxZwP7Pi7nMt0L0	0.0394668292
38DOU02BQmlcooCqxr3aSd	0.0058279026
5h3jTJwjJdnVdU3nzj0GCp	0.0002788715
6hr0SehcycxwgYfCgVy32M	0.0016651396
36N80lh8tNu7XedcW55NC3	0.0402924707
1Mz5cZb7klbNKaLfxx61cU	0.0410366914
5aE4f6qwsXT5hACySkxJQo	0.0535382619
0sNvI8p4fuICGGH0pOCxUT	0.1754961362
1Q9yutXUVHodDxHIacpEMT	0.0003134896
7sSnEcKS0s8mxAdSJw4OSI	0.0048265768
179WUwsVnfqryHd7YYpf8j	0.0296393365
3BiSuYkUIQOABfwLoTIBus	0.0005440040
7foMqwYgA5NBa1y46oK1cq	0.0469352461
1rJQSLkNTHomVT4GoSWgkG	0.0159894532
61dT5hbLLfOUSg7Rzfxxug	0.0079185906
2TekzK4jw30Cc4jlAmcrVM	0.0382675636
1x2H831AJaUPonZOQatMXa	0.0477717666
7w2wcIXdCu7lfY4h5jbbrv	0.2954695734
1IdEyhu7jbsFcwnvUrdOad	0.0437877340
7xEiX76imldiwL3joKgoAm	0.0511156143
09uueXvOHlHbzABqbbYbwT	0.0113279197
02AwBRpMnDrozfJcOnFOaY	0.0183950350
7pa4Z64S1qU90QytnRJgoJ	0.0345089118
24iSgjiesQ2bhUsHsav2uk	0.0002855879
5z7054rmpJ05mohSsOE0sM	0.0222996050
2odRm3D7TlfzEKm5TQPE2G	0.2476100633
3evfdj7iQXvQVtX8l9rBMQ	0.0302824581
6iqeypk1XRa2zQVRcIVmlF	0.1057883850
09EcsyJqVbqPZRzwfs1pyc	0.0338892097
68KKIaozjXuxJyAWs2nDhz	0.0000000000
7Ky9MAWbIE0z5VtPSNiMvd	0.0240469801
3Tralte9fDtBGOq8ULPaXn	0.0382045505
5U4f1gmVVLf0uhhcg0mJA9	0.0257981977
0rWuEmTI7yoSjjN6TT1Pkg	0.0450248995
5sSn8vGaBxIKeCclAk67TJ	0.0001387638
09mGQqsZ1C5wVCsjycNaIg	0.3833398302
3Lo23uWs8YHafT76SEl1xY	0.0000900595
6iXXaJAOpQWeDVsIRMPSw9	0.0226936363
2LtvCh5flXYqtifbcTYiU6	0.0245177126
1HPJQk3RATpRhuHPzRxx7V	0.0038061347
1AD6JUzgEvTAI8TLGwlrba	0.0109091900
5v1K4IgzvVs7rFzessYPhS	0.0050539279
2cGb9suXPC24IfcsALCyK4	0.0006394368
6Q4MFlysvdbBeEhoKgAUbY	0.0010736652
3cPsVugsjXZ03yXIblunwd	0.0489881623
0fA39HYLC2eZKcUwps0DAD	0.1270595114
4IJbOplPSGIRdzgO4fjSdC	0.0459208386
1d0f2TQJF6CgmJ9o52kH4x	0.0001393157
0bslv0fksKPyiH3LQqHagi	0.0058958203
0qvhQP3g8B6KqM2TxqtBmG	0.0162620827
1Xoo1Q9XBUYXFsFRb2MFfw	0.0007100060
0L42E3i2czZnCU0BYWdkor	0.0290897243
03fXtSW7LEjurDMGLr672u	0.0109741288
5iZjTlgCuw1wjmkRyjFvvP	0.0000000000
1mLmCADd22UpYNqCAykYKT	0.2222612206
4Nd3C2EAap4nxcz7eDTA5V	0.2330176573
5Uy8OMbe8iXQFXQ3qlaYT5	0.5047360674
3ZsohZm3TsffH1MmUNrK8G	0.4170376724
6P3WZjRn6nYJ7xIpCZsxTZ	0.0021714985
5MgAfWCS0vzouE9lVzwjJy	0.1017984536
1BfR4gQyjlhLAssULX0wDr	0.1227818673
4R11rkYLgkDNQLNmYMFsxV	0.0356127297
09QoQi6E7GP5AePICzRcZe	0.0163776249
4QPzOa9mWjgUVvy9ObVGo8	0.7476591977
4Apvih9OZt9ghebGFIVcXI	0.0000671349
2e4Y8l04wLXmQhffiFOV0Z	0.3268750902
4b02cKcLB7pHqXYfeGR9iK	0.0295590006
19M8Gfe7Ydw6b8293gtlt7	0.3857514036
3TY8uR5cMZF7zX2xw5mrYI	0.0305584960
63Q8xmyZacJnzmK7NzVgny	0.0011091181
0E8wKk7IC4Se6Z3gS7S3Uv	0.0043422882
0yjlGMMFuIci8JCTAOb2AU	0.0001609882
3bSypudQFjg4tNIKgoH83Z	0.0080131503
5fQdSkybNhdOYKwLLUWL71	0.0016695474
3sTzey9Yo1tfeSQD0PIYRF	0.0025150955
5RxLAt9nYq8Ww3Bg5kmXOn	0.0750612936
79uJoLQkQ621xZy7MyH4uL	0.0008393448
4WdCXFK2IQe0E1VgZX5g2i	0.1146438376
2VjX1NO9RrtPuVcHmEJWqM	0.4067153839
6lHI2oENJTeTazAxToHQXc	0.0442758415
5dgMqvMBxRztp7UH4RK2S3	0.0395910871
3uJCc4nUdN85RXQd464mSR	0.0000599303
77vpwKgC1wzT1DPSS4zlBq	0.1217163644
2pFNA3xuGmAP6XODWDrxzs	0.0000000000
1jagX6wMpCUYSNQGvF0D11	0.2086489633
7fld8KFMgCmJlsVOJ1oo4M	0.0026785397
6jockFof1s3dGGEvAjC0iW	0.0046597006
0AHoE4L0FSU0XzYjVnNRUa	0.0003514226
61hrqN6V7joyv7HvosKyOY	0.0072459584
2numy66Tv7uxCRSJ0RpM1Z	0.0053832954
4E7QzpIydJaq6JZkq2aaTx	0.0054827585
3HiSZSqHOEC9RkeDbpVMGJ	0.0105998908
1rGCJdI1tiJS0RRo5OToeM	0.1449920083
6nYyFDdOrzArJQMkU4oE6N	0.0719083745
130Ev2tVgui6WjsrUFr6q5	0.0045276469
4RVNe0ykEiQN2l5FpErbtz	0.0000091585
0m9DkJFHFXq3EUJqfWhqRX	0.0003163501
6Pn6JaKepqMkmfOXshe2tD	0.0011298486
5b0t98sO8PmHcr3eAXcSMg	0.2669427781
4sJIwgaLC0VVZpK3LriAtT	0.0202164556
2Ldu7H6enktcTkYlFUPviX	0.0157577153
0js2JDtxjQMqnNRVBdQKa2	0.1401657567
5nw8Cj9x9XXKDuuNhl5mF7	0.0034449779
1qo1zFHkGHoy8pSFFQkbtw	0.0016339472
12uwVA4GJBuCuYmp0LffmL	0.0000543021
6nS9ouoHJP473M7180H9tP	0.0003861736
1Q7Mb4V2AyesfYGOVopT8u	0.0748727147
04P5kEdUJHjng2DzTXhy1C	0.0000000000
0vgn3z8TJUy4eS0ti81Xas	0.0000000000
3RjEsHMavgMDeD0sOUe7PQ	0.0465034856
6upevkomExCEvIm82FKkZV	0.0268165082
0nDw7H8W4oU0QPzL4LC9Aj	0.0011546710
0yK7iVUnp47khkBMi0u7Rt	0.0268353527
0ZONTh5kX91I8H6sa8QOlZ	0.7103835733
75BpzyPsw3G3R8xiCoHaEM	0.1849915634
3K50s4wFdOaEO8j5t5aimn	0.0047099588
6RY7kT6PGGzAA3TG3s4Qmp	0.0018617464
3U9Tg0j1kKxOz4bNYZuXvN	0.9050999619
7s0NPSWJQJOS4TNhENy85G	0.0005440040
29NLE1onOSUN21rerlSHy9	0.0000000000
7b0pdDyPV9f9hyDXAhk4Sg	0.1044993233
6ACwnsKT5y9KATqH7tTajE	0.0028618915
1YyeTuJ8IrPSpPiZMq0rhH	0.0026785397
1hIultpwJP5CAVoT4qeNGH	0.0041976434
4kqWqhPPFKGPe1cKcOWW6K	0.1492208733
5lwU7m62FDvwm2hnNxfStO	0.0305152189
3inxgDqlKI4Feu0hPK7pU9	0.0650379017
3h49aMKOWPOWA30BOR5gaf	0.2699819725
6SV6TCY7KVVWmAhnX5WnS3	0.0392499963
5VLfT6UVUTRjVL2YPaGJG7	0.0133848622
2weGfox1CWg9HmmwDgcjey	0.0031950794
5XOiPMOBMDm4AYCFRS1e0j	0.0018143711
6q8z8dubMZel54z4mYu1Oo	0.0199079343
57zdSImRVdyfT1Ol0mmlWo	0.0068472762
2dFoFmYiugOl2rOvHg1V4M	0.1527695679
4GN1eZnMxHLMX8a7sBBbFc	0.0080867880
3o6rIhI1Ahunc62U1tx6tg	0.0008169860
6bZifUXl3zdFB31wKekqic	0.0006120189
1a7XrzSdUVvaBnlSVqWanx	0.5236921537
7uxpFclesPI9MwYDLa3ldG	0.0035868433
23mJPosA4Qmp8kc6IlWalb	0.0042560334
1UmyLRbgkEd90qEvMECEzk	0.0131166175
2f6hqWBFjqS1EUHMS1JOFB	0.0004333892
5dRBlNLqt3CWQ5uFsZQr3L	0.0000526417
2HmIMt98sVFNZYsvHlb96X	0.0171397024
1PvGlWWeeIvW3xeTjAZxda	0.0412395656
5Q5S9waHdyyZEViAkEwr0S	0.0000000000
3nHsN7Leho58wo1RveLfzZ	0.0328417873
0NAzHtE2ceqgTPJZfrhzG9	0.1900873680
6pCBRiHhyUMQBqs0WUSxEL	0.2322751451
3NEtwuqvkMar7Yi8xsl21S	0.1984802793
19C1rDlK587MsGNU8wctkG	0.1802512856
7poxErgF0wmd842zcBeftT	0.0197685871
7mQScd8jtZwkokSos5T3RM	0.0195982454
6kHKj1YilXYA5am661cwOo	0.0014169300
38aKknRSzI7luo0LJWDwDS	0.0053276262
4uUgP4DI2XclDn1LD6K8hP	0.0228312032
5qx0P1uTsQ9YDTbayyI1xp	0.0021043964
6ZoNlWDHPdMGmrAkokxT7E	0.0045635103
5IqSPDWkbMSGdCVKsM1isf	0.0397255151
0Sq5no7vYCY6WS1qUIO34z	0.0001259584
3e2dC479m26OChgDRd25Z3	0.0022348754
55a3tmLfnZaniwPDbTr5NF	0.0045406513
5tGDvtOz6ml81vjiJunyIh	0.0053554522
6uJE0vxnT7UNCgBHOCZ7WV	0.0510968858
1EGwXCFfgQEYjQx5KFugsm	0.0367651166
5DKfH8yCVyfYdQz9Bwh7jo	0.0359894503
0428b0mYjLWfL8hW74a3CI	0.0001867190
6jgnTv2XzWm7et5b5Bt5Hi	0.0083597789
4wZvSIHCz5ugLqbZaozRaK	0.0000831863
6dbTlAJDUXi8tD7glffoNb	0.0000340575
5eN7Z7WrzBsJNUi5LRgHP4	0.0000447357
6PJ95zje5jklTyUAfhhpXB	0.0001164809
2C35cS5LR5MchcaFDbT8Bd	0.0881875009
4v6vPfgGL0KFEKwJNukQL3	0.0001351659
2qA6QJKyk9W627mEn65hob	0.0057427152
0flK7a9sS4TEcCYVNUaiXU	0.0272533143
4Ezay1XmEhMN8OwuPR3Iq4	0.0000000000
5eHmtjAF9bKZWmaP3GFQyf	0.0004759723
0iEb0AxgIKdFEBge2F0hSr	0.0018809717
305uX4OPy99KGVU2dhE2AF	0.0012812895
366c5t2kUnhNmZaP8tVRDe	0.0804105898
27PauMy7dOiHb7sI8h6s4T	0.1030466974
7rzrrEp4bNPTsktfkWphSQ	0.0000000000
5MfCvmoakBhPyPpI7vPqwW	0.0426568370
1MRIVBCRfrcDaseDg5dTp2	0.0007850675
4zc8iuaFO5S0oBJxsofSbR	0.0301415756
63OZUsYxamArZjhTWe8GLA	0.3036706737
7bbz4y8ash42ZebCD4jgze	0.0961947608
1OicNKNw1iMMSpFm2VIJwv	0.0110440893
5JeI4RRAt6aVdubd7ukQEm	0.6767598620
3it272KmVHGA3HMJJ5PBXH	0.0268282063
0Bg1joLOL52mJS0kf0pIDx	0.0034395986
3ySbRKGR4Ow1pf47Jc3KTg	0.0028745947
5gS1eVDiUUJy0DDhr6mztc	0.0256691725
3aTSlw6yGyle5Aj74Uw3Ay	0.0186760854
7ENXmnggvN0RX86PIdIfji	0.0062439434
7CH26KSEQQ4m1Ey4Sku9wr	0.0071540446
6od6RPDMqG9uIwss25NWCx	0.0158632066
5MmuLueF0SPIX4FbzfgwKC	0.0080845585
0n1Mu3hcz676mMVwz6z2kX	0.4426801713
724qFzA7dpo9nrjpOtZaJf	0.1303642550
6YTu4Ih4tovKGdsq3UCnHa	0.1132999690
3ubn21gVCIaOkzLm5Tegqj	0.0041381416
2i7GSjYwOiijK8FSgIYwYk	0.1135607184
0qKkpjlY5VEmY4n6CRbPZM	0.0760167578
2z9DWWfNONyl2nyy1GNSi0	0.0067600907
1ZM3GOPFXwiy6yVeY1FM3I	0.4115950586
0annXurxTVJKs4QqOqdwGR	0.0037033721
1MsuHuJMhPWFbzl2KWLyzz	0.2303059714
2EGULZLiEdWLH1Y6LQGqtX	0.0010437758
3XliglxGifK0IJjHPxo5MP	0.1583099629
5qURuhcV6ZjUfe1iYsC2Py	0.0583498082
56HtyYJoZvYc5aVdqDd94i	0.0098814432
3L0TDlLE2v4lWjz5vw3vE8	0.9966036373
23Pml8pDuAoLpaUxxGms4F	0.0250195148
54fZiNN8CtExTWCj5Gbeu4	0.0205121492
4lOv5vFosRcOvtIycZFZr5	0.0294904568
0pgx8lzqNK3ywq4WWvaIO4	0.1616506421
1MHslxKWxauC559dXYEX1C	0.0136658950
5KSrEnvxemHYGdG33IKWk4	0.0000000000
464Y3iRMbG7QHLhpQnMkxG	0.0093210829
778s7JrnFl5ICM49oimpj4	0.0949105854
4Icdw6ZLVk2NkjIjMhJSc6	0.0045060885
5VANY8UHET4MOfqcgZ0RYp	0.0627524407
3io5FMIiZb8bii9sUSY08o	0.1876276752
613fsPZFctArJJ4is9uYSF	0.0001666406
7DKHPVqBVOMbCfpSiavKzm	0.0034672824
4E1vcDCiROPP3muKybizHO	0.0044974110
2PCb69QCbQJvBJF9tuWcNo	0.1300527426
5rryVPJ5yjWq8QkQSCw7rs	0.0006319833
4wGAyBuXEvxkr6P0HkKNMZ	0.0048587086
0UApOzMWy5APrqjhtL1QyD	0.0126543519
08IdJJ8MKRhQVKpjBQTVkM	0.0086448727
1WPfYl0ebRojdPeBwhjbTD	0.0028299927
4NGQEs8rzLgKe5VbNqiV3D	0.0541619840
1yY5CdhCuocj4GvjOEMFJF	0.0000000000
460De0zEBZIHd67TZBJkNa	0.0055347146
2q5CFHUlGfkvRSAw419MAE	0.0050909462
7tqwTqZQXmwtlvj4WdsGUe	0.0134084407
7eHy7y3HmuLJgm5XiPbea3	0.0227046667
6KHS4UhwLrTt4oyDpyDIBd	0.0070519160
7wwygDw32gRhhUshm3ZGYN	0.0011119973
5VqFyx1HDLsbf0bAK0K7Oa	0.0564672678
214I4pFYN6o8iAN4shhZHK	0.0862268206
39iUw6py1oGdVZ8TMWepc6	0.1388471170
5YyaDaOco3I0zoLtGxDM5K	0.0141998878
7Ij3qRinMFtEpzRghKIHtE	0.0123481595
1M5NNqHSorzAlTly86pPkr	0.0105654484
1Kdqfub5UFyQM8DP9ie1gH	0.0812198323
6m9BRPGlS8Pb2Hm4ViPsA0	0.0425716993
0wBCcT25zpZJUyElVTRdrL	0.0002942421
6v36LGGRNEleSpAd2zAeQL	0.0349979715
0l3lrsagH8oE0CAkXdyNMI	0.1229416273
7tfILFKScRBGGdo0GQkbB9	0.1185540131
5R8NeeSoWnyXhaUffi1umV	0.0002140164
4YT3fD0f2m9LoKtkKtarhW	0.0880302409
3vYbW3pjklY1VuPVh7Kw4d	0.0000000000
1i09cLSfZNYlP8yx7XbK6M	0.0171397024
1DbNO9pwS4AzYbWX367Pvg	0.2238365664
68O83ss9GHwRVDaJhpCQHF	0.0019080541
05Klvqj5exVURUN4MSUYUW	0.0256029463
4pk1XgKNE0PrjyObNnhgWO	0.0008013310
0ygzXUlnept7S2C6MR8fT6	0.1481274719
53PVBEKRk4Fvq8w8cLydLX	0.0164937952
7y9XUhdoFuQfQv41hMyeVH	0.0046989103
6kY854AN32SBKH6xowbSHR	0.0054019452
4gutgD9w8iSiLjvYYy72dO	0.0096469448
3VQ35PnyCi0bUcfF9P2sxs	0.0000048389
6XyKFAoM3iHJimAHWo7JNQ	0.0526554868
29SNU9GZMUrD1K4aoUwRlH	0.0000000000
70BgO4a6LVEzYiAgxubE3q	0.0737760241
4P4fkES6PmMG5VPC9qN5eV	0.0031317498
1TClvT3VDIogNpyMwAEd0Y	0.0000000000
5EOY61jyr677RT6uZi1YbK	0.0035866103
1ekErPx4RqDpWKZ5PYuCp4	0.0190954785
6tDsitphxZ846wEoP97FtT	0.0056322334
7cxvGk3OKObcoj6K6Ohfma	0.0064839505
2J6w7AO0a1hghIqa6cO7pg	0.0089476478
6wtgjn8ZMo8Y9d0iddh35i	0.0030607674
75mIeyYiajAsiAMo735gr7	0.0000719996
2gZ16E7yFv3Hj1va4y9hDe	0.2372588911
4nqVB7spWeLRAeXDLfEpWT	0.0027415231
7IQKn1xlyJJ6hHTP2nrq0K	0.0242400458
0IBDUrXqsJZAAnipcupIRc	0.0001014631
7kcYvRIgpTYWTfibUe1wl4	0.0000080555
6tb3j9CDb60zsHm1lN8K02	0.0093874626
7mNBit6W1boNnvOSVQCB8h	0.0109839429
5DiWWjeKsgKdzRuccCZeBS	0.0047666969
0YSvkYYbu18RTZpK3cUP6i	0.0347074303
7aFGaDTh36aO1lIkCEwuQK	0.0558219388
3xxTHOKHoKoGOVgk1xPUxq	0.7406003335
5rATH049aVcH3W1RIoiU1g	0.0002194069
5nDVsNj4oi3OL8fkRahtj6	0.2034787368
4wShOgYAKFtg2grzqostEI	0.0002063123
6TBAsT2jRzr5rliFD8Oggj	0.0007060505
0ipSB6Z9hk2SLLh07tLYNL	0.0000000000
6W3uho4uDQoG7FEE5v7aDB	0.0221679398
3skzK7Q4ZPhTmVq74m0P8K	0.0000806528
5oajjKp49V0hJotW0BRJ6V	0.0114315921
05me8eoZwY5DPqX8MjszcR	0.0108087204
1G5XkuGkIBMQYVjgXhjLWy	0.9664933024
5raNIaVIHM6E6McHsRxS41	0.0101460904
4APa475CJHe1hDgX9Tybu8	0.0023366709
6bG8DGRTEhihRP8tz46IC1	0.0027560378
25KJxQHTw8Tm0nTmTTNDQe	0.0730722838
5TeRqs1qWwhLIti83vRywf	0.0087493330
2ZdfxuECdx0uUU8QZ0hpEl	0.0170794301
1YaX7DLkHfgOtxEBlyoZX4	0.0026801162
47h0Mk4rvGqKNCDxIObxX7	0.0465045396
6WW0YTB3HN575i1RIwNZhR	0.0509677692
5Mm1kH3hYXtxTGrOI98Dmj	0.4859788524
4kkuyWmpashrooyOFvHX2m	0.1652227822
33jFO9W9LzOFYLwdPcs97O	0.5856574712
4a7cw4ZW3Kgz4lM3KJUMzQ	0.0007630255
5C3SdMOqNhqFK56m6JTVp4	0.0059603938
5Gc3h7r4iV94WZYozevgYT	0.0039817838
6vbWy2UCUpsy6nalRVzbhc	0.0123098324
5PDgLqcjqJ6UCvy0twzoMJ	0.0013491050
47DOjktSX29lKnLkLitDL0	0.0473635860
7FDBAl9r1heL5i3YBgdMVE	0.0222561730
5J7o47wyT1cQOkHPFwzq4X	0.0075118085
417ZD7de71arr4uRiyPAi3	0.1400560813
7MiCCsU0JNhT6Q0vPlvt5o	0.0067182395
4fyN4JTorBKNkT985RH0Zr	0.0017818273
7fiATR2uusqUSKnu2sOqbH	0.1058964205
27pMOKeO9n2qi5SgdfJ9Qh	0.0152403790
12bHqR5ggtW3Y9C7oPmwL2	0.0013877794
3uvuXrgd8H5Gwnubvtm0sk	0.1239995016
59m7b8FHdw1hWXmFeTNx1v	0.0176791889
7n5VjDNd00Hy0ZDEGn0erB	0.0014969985
5OaiBoXYlZPFA7loZJUABy	0.0280409487
5Afyw95iiiAg0cpCU0EwoJ	0.0132966285
2fIh34wxqmVymrrJRjxbdZ	0.0162916039
5QiWu6mjOJDDSrtQUHGw0G	0.0002125228
7tlWSdfSZgYPvlF71FgCCI	0.0375866115
7yhL4RkE2nyAXLxt76yKqZ	0.0354968787
19cJmmJHLQklVrUkI8Y9oo	0.0252427350
2irvIOnNBtm2lPHz9PyUVh	0.0009494098
7BxGo6C3TLVWkQhBso7ERD	0.0005510682
2QYXGsGUckDsGG7p7kojnU	0.0326206865
10IxurTiAiRppIUcayF5iV	0.0540997837
4soieU4IFUQEcYULczxzFa	0.0494236697
28n5SobVPfbV8Slvgn5WUX	0.0819860429
4ZNcltQViSllbzSCeYAbSJ	0.0191068082
4aTlzwTjIzgWcMMdbBVuzj	0.0000055556
4ZYHm7WjiSdS8qPBC1Zked	0.1058884181
2TUXDsXCXDnpVEZ3lvyVWF	0.1167740108
2uc2B4TbqCMitU3eCBGp5U	0.3141302898
7kqERaGAimGwlTeRWY3ITr	0.0133367129
09n9hCHJv6V77TT9oUlKjL	0.0785557767
3grp03ql2h9QCmUhtPR5Vn	0.0727273097
5DzKRZ5iPkrWEtsDGTPpDN	0.0369572479
3uuAdAghYzgytUdLDQUHZ2	0.0131537257
18tnRnqNFdLZDeJUDb91gw	0.0000000000
7FqzRG8AeQqxvvhoW6wOZt	0.1105490989
7sO3FPEMwlXgWb2QqubP7x	0.0312133072
3ycdNHDlAbsOcgoVUTN3ec	0.2465724693
1lDbjaD50tkeLZnqAMtU1i	0.0126446200
31yqUKDLuRIRp6WrGHijf9	0.0006316551
1vzCgfQRAtr9tAlzR9LfGI	0.0395665071
5mftH8SeGXpILqHYWYyUW7	0.0236745470
47LeSViBakxCTkCjQ1NYdt	0.0130113224
2t1ZsbDZvUzguvptvRZvpn	0.0019460706
4ogfAjO3SzXK1Bx4V3AqtF	0.0175532424
7xsXCvnZg6qxRNceJZoPZI	0.3937514380
7uS0OYJ72fRQDd8RZEo4J0	0.0027717113
3Sn84xAMEywyp301eVfkbO	0.0001139397
68605Nj80pgfMzs2fr8fZs	0.0263627937
6wuzNUAcMay9iseGgrRzAQ	0.1230351222
7qb7GETqwEFCp2l4rdDgOH	0.0008230490
1X3ZWrofyvyRd5OEr4z5B2	0.0409157534
3AYQvCUh7iwfd5kz8UEc4I	0.0128360980
0cuYuVmuGLzci1iagOtAhS	0.0254831853
5YhPaiXN8biK8is4uCvcJ6	0.0658599855
3H6WA8IgVnCh9jGbcddPIC	0.1684318946
4vhqcVj9Z97OmzOY9ha2Ho	0.0105572680
0FzOmS3PiHCFvcOKxQQ22S	0.0082560556
3FBRmXeo3xCgV6TxnLnJsA	0.2655686159
6LAFFVSbnH98HCIvehSG6c	0.0000928364
6CQEcdCb4eIWDQPxCFfFRN	0.0164423255
3bymkCTpYLYR9ZvESwhqki	0.0037135541
3PL0p0lz1H6GhDbLIv4QKY	0.0000022727
7bca0jrEcYw3lqIHQp3wl2	0.0014033232
3qF0ED743wVKc9fW9gOfDL	0.0061985284
18aGvJXF2wqZcnFKByVvDl	0.3004987671
1Iduln9qYbj41kvHf9yDJb	0.0071237485
28eQwvrKWHqRACUQ9FQRfZ	0.0033474418
3HRVazmDQL8MtCwjxKHGq8	0.0559326860
3kUJgorijrs0D93HZTbr0m	0.0031638085
0yUBGJTrWtqgoAsRP85xE7	0.0041448295
2p0ZRhfSrgGcOHWJ2aExzW	0.0093992407
4oqS2lS8atL3RlsMe66lol	0.0000011353
5aPQqK27TOsn1jEmLKB3Dp	0.0137548010
6U8z4QxCPeuJrC7EXUr1vy	0.0039359811
0bu2lCKbDtDq1uKlgtMJ1o	0.0431956266
3kTyCE7R8gMf7Ms1S1IpCR	0.0178764362
1ku8P7nRp6RZevarbprvB6	0.0051520558
3GKA6SWiCvWlp0aF7e1HPB	0.2924851857
6BoZYFkjgwxaS8xEuK9ij5	0.0000000000
2JkR638Ff6KLKoUUar4AMU	0.0466022805
5FizNUi0Rn6ZR6cmXL5nts	0.0972205266
2JvFjNcgQLkeH3EKEwhyLS	0.1087128893
24TysayU0G7Wp3v85zpOmL	0.0018576477
7m8XbZrzXCcLt6stk29P6N	0.0000000071
5qjZfbkr8aFI59GczLw53s	0.0091538120
0r37XE11RVqlMufXkjrmTx	0.0060654613
09Dc4cT1x21mS1dgxQGbnG	0.0606873045
4Obfe35qOZ6JZmezYo8K0v	0.1155472144
2UELoJlr5Cs7mKHqFIx4JK	0.0006750702
6DBI9ca9PaSJfKDOwbRqhm	0.0032473603
4sWburFBVJuegn1Gs2jQko	0.0239502600
1relyDsZ39v8wnCAETwwF2	0.0894449082
32Wr07F2QRgBoJQAMryMn9	0.0660311094
5b3QFwyL5r8TAzfmpp7Ua6	0.0635206514
4YURkxOtE9WWvMcYrmsVRg	0.0014519668
6cK2MbbEPnefKGxuDiNGiW	0.0302533193
4htqxxCTnN5A4dSrw1yfP2	0.0043205653
1b5Wxr0FNZutUiFTsAllNt	0.0015758881
3IDSgsRz0ONWsEd56qsaK6	0.0100744603
0piznXgF33UWv90PMMEf6y	0.0001691183
07BoS4zXnJIjPe6e3XIkuE	0.0055552069
0UanWpnn7VhxotCXTMs5GX	0.0008464864
3jbNHXZD1MgkKEhgms5dei	0.0045567252
5BNVbfGIjyuFgjnZbnUJrx	0.2932929348
0cvN008loU6mGFr4IiYjVO	0.3701573046
0RA00V1O1yXoBBJTV0S7xQ	0.0915586403
2cJg8cxp3hoxZ875MORZe5	0.0088071855
7HzX50l6Oi0gFLTkdHJcOZ	0.1744023613
1kadPi9hDBF4P2v6BfCqUX	0.0006400202
7fRhybObNPxIN34edYhjYu	0.0572938392
2t6WrgZoZW5z6nQKr0wWbW	0.0117396390
2RP93AR0zJYzqQ1jcwRklV	0.0015373709
5QFkhK4qG4aIeYZIWg2DO8	0.0000000000
7MOvauDBuzyHlLXfXeEyp5	0.3451413113
6LpPPlGAVJAaNqsp8n4vyu	0.0000000000
6vMd0J5fF2NtOHjFVUQQ6b	0.0243643381
0WhAfHGmEi2lPelrfzXFh5	0.0037580194
48AmrLmDOydrP86MyzmmXe	0.0619590998
4hQ6HwJgCPtkWpPEFZmaHv	0.0025806531
7GW9M15WmdRSnUVdDEnkE1	0.0011780557
1jjc5DIwBYlsToYhng9Cu2	0.0000344763
0oM2tcepZGxojGEvnYrIOD	0.0220026192
5O2rn479OEZsXi3Yef10gE	0.0038382380
1urRPTvrCAnAoIF8LNS1lW	0.0115799604
6nkYfrr95q86yjEzPR8vcK	0.0197732013
3YEzyr0z96PfIbsv1jVi0f	0.0188570052
41vJAAunDUYAg81pOkcWh3	0.0534902739
1SbMMEX44KntSO5SErgdCk	0.0062212862
1OvpVKp9dyE1GcZnxUofLI	0.0419524696
6gzlN8JzimeG2QV4Q8ElOE	0.0501215021
5ccTzfu6yNonjRz8jFWzyd	0.0057289443
0CJms5kZeUASixPB68neCo	0.0001374283
3zNp7rS9wBL85cN7RkzdYM	0.0017831863
5ROiDzaCVm2Vws0HSPsO4E	0.1508993726
2VvyULwYecsylfZL8NBqp2	0.0185774023
7oICntU1RMZhpqxE1CmehL	0.0000865377
2bAh3Pjl6JusfLvENVHu29	0.0000381946
1FGK9x2fh4SkpKyL4keggY	0.0070395517
3pt4SBQDDGMWhR1YNakp9Q	0.2396511376
0BGiSyJ9S3YV3f40x5eK3r	0.1635885429
4irmOndMUq2Q9w1rJD3gVD	0.1092326453
1szImfbTMKwuPqhp0s4kgM	0.1276942071
5FCqRgK9PqJYyfnBJg4AeH	0.0405143327
5PTf3CTYbKbzH785tmu3WK	0.0076247492
72doet86yLQNNgEX0kA7gM	0.0264153407
0DVmpGjL5wcDKpkRFmsvhA	0.0151452294
62Aeb7FEgMhZqCuexbHvlp	0.6309783936
3BoPm6NYFfRsuJplyNuUzf	0.0089504610
7vZyoqiq0BwCyDldK4VAj6	0.0051936199
3JAJvWWiQr0IZxpBoezxfc	0.0107209252
7aPGojZ1i1CpRKa83QyUTq	0.0009809065
3DUJLgWQuLPshquQMIxFhx	0.0004809779
2uL54ow7INgDUPqbivXHos	0.1665341989
5rNysIwwXxt5oD0F2GuBDt	0.0012942577
7H76VDfRSXbQrwlD3VCqKt	0.0000000000
0vl0N6jUSS2hfHX3BZEAUB	0.0009212664
6CR0Si2W1QNhIJgy38w3bQ	0.0299405725
0eGQJFvzJlWt8zk6CfwaJd	0.0005853984
6wQLASgP9pSMLcN23D63VI	0.0019566801
2YmanSRfS4h1jzPCjtZk58	0.0363180014
0CLDI7ZZQOL43R0C2yfL6V	0.1114588137
0XSC1LBPDY11pkjruXmVYK	0.1337777481
71bjkClVOdH09jhkeSLkWd	0.0000000000
3WbSY8mvIDlippmEINi72J	0.0028691351
01DT92d7V8fG6pRNSd8yaM	0.0316780760
5iKGxHg1kmnS3GOxuPsTKj	0.1608879601
6jzYBjh67umefK49gTrsmY	0.0099850546
0BToq6WJbEtZgSU7pIKuP6	0.0029174141
7xImkThMh4T7GjJlIO9b9q	0.0631466176
41JhP6r0MO5sA8wZ246QYF	0.0106796859
4wld5HDVMVy9I6MnPqjzFH	0.7075455182
5Wx6ViOTyaB4ACjVaViuHG	0.0208385439
4aibx45k9itvsmaaobvhya	0.0001644170
22aMI6KbqOX9MdtGK58fyY	0.0000000000
25pgiXH1oj5pYmasjenRtr	0.0110335205
5PHDVE30e9FnYScGAsqgrv	0.0026490680
120uxktRzKDFRelHPX545F	0.0026232610
3M8bulps82wsKgS3DBpx1m	0.0034851103
7DBeFeXHrHygx9GcJueqzB	0.0013373471
1Z5ioQRLmnIugAeTbZCORL	0.0129347220
40YdQz3LAr4axYbnSa2lbf	0.1073190794
6BcQrHQ1WLBJjN25BK5BXX	0.0000000002
4lC4PFEPzE3zwSqeLtuY0w	0.9811512893
2uot6fY5M4c7qyfEloSoV0	0.0492595740
1iP9v6D4Y1gzDkLLmFYccz	0.0253629237
7FqD7vZX9rr9O2PZS0XXo5	0.0176059837
1CZbIPygQCwt3nahz4XOXb	0.0285107985
638YptdwVSImAVaR5aUagq	0.0358203505
1uIvpu41Xy6gcXSoaY3mr6	0.0809893752
2W0LCDXmrMO7acenLvkxyR	0.0017952220
5Q2x75NUXnoDOXCKItVxZ0	0.0170380099
59EMBN7eiOECiRgEyM9LeJ	0.0001903513
6AVF4bA0nOd7gAe6I6DDVz	0.0430625238
4ZFQYgdqBZqxUP0MAlswlJ	0.0067818845
5CnLwWTK3iavHh2JZ2KEx5	0.0485437511
3wgghSRJ0p9lOfHiE9D1Y9	0.0015290129
4E7qNspFdzjgKmY0EezS3N	0.0453322096
3JmelOza2qx3AkdwZk1ikr	0.0062475018
7mVBEIWurgamBMvkIZREGl	0.0015739098
0lJnzsWsM8QkTBEk3JYtSv	0.0000000000
4oK3BXVZ6NDf8bwGczI2e0	0.0259183605
0TZaiN8rpKYCdoHnKvGvtt	0.0000037393
7dRxUG1dxSAF3VMR2p7hoW	0.0106796859
4n0cPmPnnK1FvGXAzKM2UT	0.1107673102
6DTSChtNao6SMQy2EyTHyA	0.0110358288
34FMM4y7zoLT83hS2JVXrq	0.0794859786
4770WxUOyJMOJ1CHiZi2d6	0.0594080569
4xvZV1doxIE65qBUGDfcUs	0.3751446385
0HIHbf9GW5m1z5BMV7yy0j	0.0375489461
6bp8Pr0NBvuaJrumeQEmYY	0.0000000000
0ePPxl04qm9B08uPnbBmpC	0.0000000000
7oUcjEyYHB5YeJwMInDTO8	0.0007099059
0kER6HwNAQQBCrJcJvVeug	0.0000000000
10GLvmYTXJg00ibbVqpner	0.0000000000
3qA9kPh4debgsxnYxoqMwT	0.0008341625
0gwCVstfKWPEMibFf3MnyG	0.0057524003
2olv8m3Anotn9W5UZJkJCi	0.0032824804
3Wa5DxLfXeHvVlpClEkCg9	0.0246421620
6KUSLPXO8e94sZWVksv4nn	0.0011620188
14OsHv0CEqbpHzoYonFLeD	0.0286929067
3hqAkng6qZQZCkLkAFZSdf	0.0172058412
4kJADEfmcYZAHfXzvIfg2w	0.0039122237
6AShaEivJLSXztSNG9S71l	0.0025729294
28wNCIXgZlnHFjaFJexUYW	0.0005824038
5YTcIjhh7GFjC8tEkeLnwQ	0.0062903072
5JZHiOXHlWkp1DgK4q7V9g	0.0001735689
0xMIPUFXXHogq9R3yms2tC	0.0333566375
1A2ygx3G6GR96LVXJitbEv	0.0027772844
5Qg4A2TQVh8Cr9Jx19FpRf	0.0293704939
2HT7qxqRvOsraxUtEuNxSz	0.0045344873
0dw1Z0fiT2mOYzTXIaEaUg	0.0008355398
4uRB9m8Y8tHrW1lwvV7RJ1	0.0064720585
2KduhXQDvxmX2ucuOXZjwM	0.0168042830
0PvdPnmTg2jGi0AJlNcsfl	0.0000277262
2aSzsqZhGzw4u0HTdaddli	0.0226096108
0sV0tZNMdMNk5J5wG4FRKN	0.0005087268
1fN7fYrsFplBYEOOVxvAvK	0.0033928839
5Gt0WxsQuknM97VTKE1Ye8	0.0057889184
7nJqi6WEHjUFZanHLslYqg	0.0000149687
0Z7DuTrKPkljJP0O9eiiVJ	0.0768510670
6hMxBHVIRXtr1njOIOv8aS	0.0000692999
7egmnoEETst6pdndMdXjec	0.0001928829
3CIXyIrNkSUBFRQdG6rdGb	0.0014100966
4hVT2JQAKIw9KRx2nb2fQp	0.0059432826
06r0jaCemLt9ybexigfHcY	0.0134923703
641cyeD2pYSiN1ibwnWFV0	0.0085782057
0TQwhbavW288eFTFenPeRa	0.2398051303
1zJdj3dc408dPEvRhKLy3R	0.0001982178
2plShqOnJ6GSuKKEpq6yiG	0.0009455946
7fPyXv7KvNewKz2zccHKJW	0.0019900998
1KUnCjBj9GNvfjjZWKyogb	0.0010976587
5WYLvMh2pP984cxGlsvwKv	0.0036241099
5NO6VphyNoUsGzSLsyqq4q	0.0000000000
7wCVksuAWO2Tu3vSNxP5Vo	0.0079075305
2n3hK1QBT8MPx8cRRaQiqN	0.0157369362
3Tpt01jawwzcAPkrjNLR7g	0.0000000000
5QXX3J6vKeAm8sQ3tyJUy6	0.0528418551
5OvxIgwOZ62eRpQIyiJtrY	0.0056043483
563Fd8922vNPSJdXDFrvUs	0.0132005202
1jtZB974Eovn0u6rAPFI5k	0.0000000000
4TAkVB7Zp91gNN57Ohzywt	0.0224471301
5uCYzc7VxXXN7CmbQzdfIs	0.0507738675
2Opt7rOoRZUD0rujGcGqGL	0.1759450417
1x3h782rndvyBIsITAocXG	0.0058037320
1J4u0Na7NMQnJkyqWKyWTJ	0.0359944481
21PpJbt4mAcfWxsv6Ka88d	0.0175002899
0KsXluhoKWlX4XreQgg01v	0.4460512952
5X7YJ71kiNq3cBrlsGIo7d	0.0091294493
7i5xJwI0h8dzD7Z1jKiTWr	0.0001500051
1EmTPPFUkS9ZTyGF1mVIIz	0.0106796859
4OqzRJjjEDJV6af2ttYFHJ	0.0751997923
0uZU2fRrhzfdHBsvJrTGvT	0.0402875346
1fm3K74Q8MfYrxVBevMfUi	0.0228594081
6N1PGJ7W4qloYl5hLLMnny	0.0040529758
6SRj4ID0x5G96xXMG0knZF	0.0053545971
77JU51aCUZReg3WdkCByB1	0.0009017813
6AOa2n7e1w6OfZTijrvuZe	0.0172497593
5d2uyas8OO8WrMzDyCLJ7y	0.0021583817
7CzMgJiLaZZFo7nmczLbBm	0.0002517897
4WnQ5jwWJqzFPWIY4ehuGk	0.0966266847
1vTChhKXYjQ4464EGfV2xe	0.0000000000
3GHqjh3fqYcQ5mpYjPGyF3	0.0302503601
7n0DQFWxlcRBMF5TbW80MF	0.0002623073
6qa3IMR0SlgJ5C53rr5VcR	0.0014128202
7HW35ytaUKrvvpGoL9wYOz	0.0819672206
7GUeV12nR6OPePvuGGIn43	0.0196630267
5WjftD9KUSg7NfkPwsjzeo	0.0005374838
3ihnywVzkqr6nZ7sb9Z4tr	0.0012812575
0h0C4qZnEzpWTefZrITO0D	0.6659768398
5NfxtcxfafVd11XFFfYKFp	0.0000000000
4SkjvCfwwXwqqEP6KrVh9m	0.0004916175
1aJdCPGfjfkrcxXCR1ah6W	0.0535056391
5SETXxt4h3XsZONZRoodOz	0.0000000000
0MkYqs9CaYOelt4rdnUGyv	0.0000000000
6yPSMNZexTEiCSTmc900Kz	0.0100436801
2PEZMF8NDhtKTFLi0vwOts	0.0000000000
0uYLBWXJfkRHMOklUkVT3W	0.0073363185
24SXOMNAe3TX2WAODUOIqp	0.0034743782
4sIKMg1tATCrpQcmDStU87	0.0000770736
43wS6WwA6uExrmdyXLIFni	0.0750355329
1VY8rr16Fj5C2rDUnDVCE0	0.0129877621
5ryO0Jb1Lgr8knFXONHld2	0.0000433210
4v1uY5SG2OMJJes0gBzoUl	0.0037765257
6PNkhFySErGvGGo9EKgXpZ	0.0110225953
5wDz0vNl13NmC3DJ8RFjlV	0.0011208770
4FsneofHgBocbprOOgcB8j	0.0035415101
1TyL7IFxDBbZoEKlW1bD6Q	0.0171184195
2dROc7Ow7xHK2mt817GGRJ	0.0002828361
5c5YvfauJzP169EcIQV0SD	0.0006493900
1UWXFxRpT6MNZSs9Pr5nPm	0.0060455170
110fKmlvjYiE9odd9LeBiH	0.6307424757
0eqtb736YfhBNOqTqOxGKZ	0.0102136482
05BW1vJRGaUQTstTCDAloS	0.0056766219
4Im6SfAW8gOyex3FwFbtMP	0.0196190949
2urQpyOhs99nYksVPYbtQS	0.0035145683
5guQPsRDtJdZu50uKN4czN	0.0000481006
3q10ghwcLjhuiXaeYl4UtX	0.0000538527
3GDDrbnVlyfhi84cAVaZ6w	0.0036875051
38iPClFfZwGjFdLyo5F0KV	0.0061992458
0DVbTLzZe781o1S5DD2zmi	0.0012644657
0QyMd7WIMwUD17VyhICJS7	0.0133325470
3yYiftL3pMw7AyTLfsitUH	0.0000270833
507e7Kb9a43QQpMc4PGlfb	0.0000000000
3kWr6T9nzlNzzMGAb09lOy	0.0000172282
07mfD3Txop0KJIEHoQRFZZ	0.0000000000
6sv9jx5Ze99KY72G6MFTE6	0.0000391675
3wRmWPRKhXTatAYGQUsC4E	0.0290958193
7rs8Lz8GKSbrDU06LVDsFo	0.0001977497
4BnDpIPclX4yzei6j1C1Dr	0.0299286958
76ICZ7nJdYo0EBLYLkH2Tn	0.0004338520
4pNr30dxFV3bn2kRDLShfS	0.0755897761
5ZxBlTst0J6DZoVSwQHepJ	0.0392834216
4cTAEQmHsng6jf81qh2vIt	0.0000805772
6Y8aGwNEamRuEmvIoPAhjz	0.0106737853
1iMykDS33r6MFI04GCvBq1	0.0075025939
6uePGWztj6kkhA7GwyKl1a	0.0000000000
6aVZnMYcxtbnJ0MlAvXMHZ	0.0000000000
16j0YnEVNkjTChk25WeaPb	0.0000000000
5Yq73gS5gdNj4TkzlntEwM	0.0000000000
2mLnIdgfR0kH9BLZAqDYQW	0.0002148525
54R5Nho8yxea4cevZloOE1	0.0454238600
6zVjDCqCHUeTeMWdYgbFmw	0.0359156272
2lGDcAHKL7opdsukyX1NwV	0.0266545919
77wgWPuH3GeSfw8L1irCfp	0.0327209728
7pJQbu559Q62Oc9sqoIBC8	0.0000977249
7mz5g4WgDARMOwuqIa9xZc	0.0316585642
7Bj9qSRcL0vLFuRVjsNU0D	0.0014325116
1I3njRvpkBxeg6AQQB6g4W	0.0001968479
7jhTVoxZO1kgQNlAXoTRhS	0.0001645877
5d6YQE5gJf0cMNLWIRiJEt	0.0220021744
1jD3jAZVB4hjHGDck4JRp5	0.0035866103
0Kvulo1ZOcs7QOSIrJqa8W	0.0036178599
7xLl7CSuCmdhv3HiQbyL4O	0.0000000000
0dmzyB61iWpVtlp0IL6GYQ	0.0071482243
1pLLfmio0DjpkwVZT91tXZ	0.0017687582
0SOV5kDRCbdfxC2SIChdK6	0.0069024452
5U05ZKCw1TjQUxnzUHapmT	0.0001490731
7FbS1LDmvqH4vATLfZvHvg	0.0000871181
2JWtw06eXbE9oTYxvkmfVh	0.0001480615
2b9zz2TMaqq9Lp7QFJPf3m	0.0043671796
25zM2I85Jmr9PSLaw3zE0V	0.0002344278
7CxkzuuILGTlkI5HASAbzS	0.0221153924
2OtwqJqQdLWlHpYgQ8EfuP	0.0014873836
66zTXQMReYmzijyuktvV27	0.1032272466
2fDH4BBjEdNnM5a8vs79K7	0.0049330581
186A3GcjvQQNu9CSoF3H5J	0.0106295749
4NK1BzYwEDEk8Gv9q7f2ms	0.0036178599
3jPJcasq4YMX38wdXtk89m	0.0019290278
7rFSzvPw2Nfbn650BnJ2Tl	0.0009401760
4f7aL3Xo4VGuoELOhsfgZx	0.0000185714
20MXpVBcWVrDL7ViNoE5QI	0.0035866103
35IpFxyByXyfjplfuzwcll	0.0000262447
2vFdoYuY0sb9gMzzzSxm0Z	0.0173007306
1TEUjv0s2WdTwt2kEmWlbT	0.0081052579
7asEQBM8Cn4Xlmm6FalpHN	0.0000000000
1O3jQItsBlBvLYmCmYfaIQ	0.0077603670
1MiA6VNBGK63gBhLhvxG7p	0.0087642354
4pTZIpWCvzeUZyLp23FZjM	0.0000317001
4i3PzgfLvvhJVGQIZ4fWQH	0.0007237644
4Ko51kAgef2jfpHB1Upgto	0.0003179485
6UDxRCtINT6uzuZq5f58UL	0.0001214974
4PdeYJnOavCxYtH8ocxU8E	0.0025598098
55LvwQIHvvBM9QC9eC6xNu	0.0297991015
3F0pGF36o08n2NE7vIEHyk	0.0034903113
107yqxsvVtBY4x2N9afWxS	0.0003897220
7zfECxDBYDPT1HjEfNy3Wl	0.0002083479
6f9SnNst7qIkGojO4YJNHL	0.0044464860
0TG7p0ATDDBfhBjl9EBvIb	0.0789468501
2zAtqovz8E2aPiP8LqBdNc	0.0044190648
5VPqIm4pynkRHZAucXwUfN	0.0000137853
4fm91WHfatG2XsEGyO0mNO	0.0121419202
2vmFTQd6W3KLXEkLlH0RV7	0.0004300753
4G1Omut4gKBGRLHJVMGmng	0.0011342046
2I8a2MIxwRYWesq5LxjDt7	0.0001021239
76h7CnmSRR6gSVXuDgJRb6	0.0109677421
5fOiGuPeyAqmFkt4lVNVxG	0.0004393475
0BiDLVbtRS3LCM4zcIkuoh	0.0368471029
4yJv58OlVWrxUDN5rJILEI	0.0011805466
64GSxyOhYgXzaQs30QFi9i	0.0008248959
1bISPXHa3VuQMhFVGujclg	0.0023746262
0igUkTjUPcXjrL849TesmT	0.0000182453
4z9WIjuLcxJpjMw7XsXWcD	0.0011867836
3DuMtUpIKvLGOSKN4JL9eR	0.0009751905
4KOOTOc4mB55H7mTVQlFNN	0.0014307312
1LZJe6OocOFbQv8zPmwyqE	0.0009268288
5QIWtUlIArR9rUtUHYsgQf	0.0215727714
0UJS5iHvNEAOl6Ty291PKb	0.0000039229
54JypeD9ZTwgP7z1IJwRSO	0.0002511381
2MMnzXsmwSdyl4XfkhQeGD	0.0080280357
7sbMcqEcFxaPQgmAh0Z552	0.0001490584
0clI3FNathFRTLZtWzZ0sj	0.0002204616
3k03Zht68LDZjmVJKglep8	0.0027216026
5U8UgJEj076rOZVnwKstEM	0.0003302054
0qL1s84O5mXBpirG743MnF	0.0554539831
710SBqElGnORke8i5Uje4E	0.0060721432
2YnR6PHzIULj61HaXAWaRt	0.0084267761
2Ip2r4GwkWgXS9iq8MHOGR	0.0012058001
5qDnNfiIun8dfWHwrwfLrF	0.0420012120
07WEA6VePMQWzCuH8guO9J	0.1869874652
4XUo5cKsKCniOqwh70g90p	0.0035668274
63UHf8KE0G8sAf6xcykcAQ	0.0051880500
7jfwXiE8waY8Qt2Ycng6Tc	0.0104545062
3GiNBEnaHit0JLhbf9BQCG	0.0574066435
2rDQ3JUYjYgMiQ6Vxr9Ft7	0.0201396445
3CH4D8uZRepsNvDXc6A1OG	0.0562615782
1XBfrnCLp5VLtq9jFG7n24	0.0008689046
1zfva61BSFsTwBdLkMFdcg	0.0294901149
68uvKEec0mxoTo4cfAX6mL	0.0080173570
5KtWhDA9fKakVjoUdCeTym	0.0087205683
32YV1TqKFzfom8K4a18u9X	0.0176805113
22VUe746vXyJsJZ0ddTkRi	0.0066544873
1gxe7LX5VG68EbDMrVN9vs	0.0000068846
5RQqqXUapJzQx6WBpusZ4X	0.0001683130
02jiOIXgu27Kds0Gpd6Fpq	0.0058177588
5fXbGlKNyAfndGxwuJu9DX	0.0003316211
06OpjeoAFb5LQhHBgkrAvm	0.0001634316
3XFLYgrTmf3SGyDlXeBKEA	0.0011236719
348OHFnSaZ1pBq2JLz6fWI	0.0012942577
6YsuJ5Gym3wQuHJafd5cNJ	0.0000000000
6zsfKtsgzeflT3j1E9NzFz	0.0000000000
5UjWq1HPO7EIomDjTYlAcM	0.0001808028
2WOSywby795lQfbHtV07zB	0.0238781158
4kXF4sjQ1WM1HxhgxDf8x5	0.0000000000
48YLgVhNZ9AqfPchtMwEb2	0.0361442490
4M5Vh0ScxwcwW2nld4pLkP	0.0037272497
0vIbwkT73hsnu5W2eZxYBv	0.0009054834
3hELdI86ZREM9us4M77M2A	0.0004412227
6Fpkfhpwfjchxp64zSxa6j	0.0003314697
7o0DsLe5PMee4Sk8pIUnTn	0.0588567792
4WksZwKLv0WltX37kvkSHJ	0.0014206687
62VrBHHA2GmeRF7xSeU7Tc	0.0017989215
1ZQa2JMbadNZ9jOfyS343p	0.0000207549
72LL3wIth8hCKl4ucoHxR7	0.0000836217
2Dyw5CXS3D1DTJwKR5AbCy	0.0000000000
3LZuw8QhGXz1xvmhtfc7z3	0.0034473304
7le8SkhRwGd8PvSaXBHQVT	0.0003002864
5qbXMmy6soS5AnhtABld0J	0.0185088655
2yZ2EAoML57vMAuuEHQkRL	0.0337646346
45GqX9lumsSeP3YP2B4E4O	0.0126582222
1cUriGv0Mrr6Ks5ZReZtKo	0.1152518675
7foL7iozSjTIxo0C7331Ps	0.0320303791
7fTS5OH8qv5FBsF37qdaFA	0.0006302185
1vL4Md7xazBAEYRYSLFmse	0.0022695474
5zCHPGpPQ2ynv6fRTooEqO	0.0427637843
1bF0HQl3QGFFjSgwNJJdfm	0.0426618873
40BAsY9fmOq82ipKhoEZVb	0.0023470418
34qS2yUdBylli2DQXL2Zzj	0.0000021030
10Ym1hkTqm8mPuuixnYGQh	0.8409741561
4H55LU72aNlUo1DXjgaWoV	0.0158894307
74UHcy1LvKWmcBR3Y3tw6J	0.0010374788
2HeuIrj5ldDUqd8zv79S4y	0.0514491727
744vZsAxCeqD2OlrXFtGjI	0.0000534463
5OQpxAVS8o8ehnfQBKFwSD	0.0000000003
5vFewG3JlFrv6HEOUGy8BP	0.0409574136
5asPOM0iQXw3g9GaL3BhGe	0.0040836589
7zScG3FcoH0MXRgeVVkxs2	0.0012146096
39qCa5bMKqFhW9S1V4sCWy	0.0056005625
4bXmS6DU6LRkThSVl2mquY	0.0026603873
5Ia2IavngNhdfhMKWCdGiF	0.0037481215
6wTGZQhi1bMatS87c1WLcw	0.0678846074
1f30jRUIByoP31jrmLInD7	0.1222681704
7C4UnttTjCojjYyKQ1HJT8	0.0003057158
016py69QzREL4xM8r2anwu	0.0171374115
5Gr0VgwdEigzfI0RBDHWen	0.0000011353
3xthCLn8AMpafrbGD3RAbI	0.0003749221
4uhBMMi6zQWCCGAjNvnrYM	0.0000011905
0xkrB4LxCOwoYx8X0nD6sR	0.0126655295
0WpXw0taNq9LQ1gwtCSXQg	0.0001459839
7pWBnxWDYtfPZExYzU4y2R	0.0015497761
0hNmJR5soD4sTd4ZplYmNz	0.0075021482
18874Mg8iySoEc6xiG0mXz	0.0066251898
6CmAKCqtoJ2zA6TW3kHzVf	0.0176887630
0RkoAkw0s5FlVDUvRCZofF	0.0022135291
0sWXjCY0kr82ebnmnBbXzA	0.0092191179
0JcYFf7co5mNMjXm8vZYZb	0.0022016117
3ArZj6lxTNU0O7XrMOZGeb	0.0006583835
1UbeGZEUB6orMZWhXDKBJq	0.0083092839
1qpsbt7NiYE9HXcaQbmsha	0.2898252229
02fJf70lwCehgEMfh6gFix	0.1379755446
61s141qQQURaCmRGas8NG4	0.0000000000
4QUjjGdZz6sCSOLI247IKZ	0.0364043058
7sa22fUS0lGZEDbU7LwgcL	0.0022952921
1zMPCUEECPxOD3owmFOYge	0.0017548838
6Ut6iAUGTJfEVRopU9MsGf	0.0017796910
6enByKSU44322LSVzPKlxz	0.0034535148
0kDddPAcTWzXwVjvRrIIic	0.0005965990
1DdIOAGOUeVzcXReIAFfte	0.0000000000
6iguTP9hsi3rAsmKJIPnrK	0.0219182168
4kGdaxKiARnIi80yzeACSN	0.0000000000
1uInxbmDQwElf5G6kD1NSN	0.0000000000
7o8AoozgIFAMG5aW8CLKIS	0.0001927829
6EZjXCEl50E0Vz3pPItzRr	0.0026667899
6L5TauwhD3SAVMMDdExrjb	0.6755381676
0g9hPb9bkJe1FtFV6V1YRk	0.0444591273
3d9p4wQERwBWsW4NmVFtSe	0.0058819087
0TNID9dXrZKOkjfMTdqmUS	0.0106319885
2yZtFTGNlIR60BuLAaRfly	0.0000000000
3dUXYfCkhs941ljIachP7Z	0.0000145470
0ZKOg8uxo8RyVipQzpuX3X	0.0171069619
2tcDPnxTxSdiF2bVciaVLn	0.0000000000
4cvXYjbNJCGWEGgvfAhkR7	0.0030868670
4DjHH0Oqu3TpQK2GqwjtKC	0.0030221569
6odJ9E2KXTlogF5Q4zBJQv	0.0001351913
4RiPGo0bfQ3S65TvqCYen6	0.1304936639